,UserId,ProductId,Rating,split_index
65,A2H6SFTV2892Z8,1304511138,5.0,0
1036,AAXLAV096NKIL,9790770154,1.0,0
1768,ACCN76JNB28WT,9790790961,5.0,0
307,A30HUW0YSPL6N,6165290582,4.0,0
448,A1AUDV6O35S9DS,9573215926,3.0,0
111,A3SN6TKIXQI7RP,1403790965,5.0,0
1737,A1041053SID37WN8GTT8,9790790961,5.0,0
477,A10205RFE66H1R,974383785X,3.0,0
1705,A2SR9M2CWC2OCP,9790790961,4.0,0
635,A39J2GNAMPZF2W,9788071198,3.0,0
1725,AE45ZH06YKLI5,9790790961,1.0,0
478,A36NPWR62GGB90,9744287233,3.0,0
1189,A5H0JGPPLKTRJ,9790776489,5.0,0
1583,A32K7TR3K1I9YH,9790786964,5.0,0
1821,A1UO6CE0K38J1R,9790792271,5.0,0
1476,A2NQG0GW1HN28T,9790782950,5.0,0
1685,A8KH2GTNAGHHC,979079035X,5.0,0
736,AH7S8WUFHIBIC,9788072100,3.0,0
1183,A6VIJAS6NNKDS,9790776381,5.0,0
810,A13UY6KF3KLR48,9788072348,1.0,0
946,A3UDBOJWNL60SI,9788074286,5.0,0
407,AXG1D956QCMHI,8096399322,5.0,0
1149,A3AW04VA6I847R,9790775024,5.0,0
1876,A2LNJO11PDYEPL,9790794231,5.0,0
1170,A18MCI81UN5SA0,9790776144,3.0,0
213,A22ET3HEUN5JNP,5357955867,2.0,0
179,A1MID7V80H36FX,4057553908,2.0,0
1628,A3Q3AJFOYWWKSM,9790789203,5.0,0
1753,A15ACHDXWFAFTX,9790790961,5.0,0
596,A1TLDR1V4O48PK,9759091062,2.0,0
1937,A2Y6VNNRDPGZT9,979079567X,1.0,0
1210,A3HCAKEKSVETGW,9790777396,5.0,0
35,A2D7CPCZH5VFVZ,1304351475,1.0,0
293,AJ8114KFKVCHX,6053640972,1.0,0
829,A1DGD9AGZNF6O9,978807250X,5.0,0
1426,A1RR12WQMUY17Y,9790781911,4.0,0
761,AQVFWCBC5AXZS,9788072208,2.0,0
1169,A31Q1BMH0AE52Q,9790776098,5.0,0
981,A1QSOTG7XORCGN,978807572X,5.0,0
805,A2KI79THZD6NL1,9788072305,5.0,0
1485,A2A89JZXX5A411,9790783531,5.0,0
1069,A1Z6G0LOBCJQB4,9790771479,5.0,0
1478,A39LXQRVYX1PUI,9790782977,5.0,0
1539,A374U8M2Q5AH03,9790786875,4.0,0
176,AZLE2XFH3JUNG,4057368825,5.0,0
1816,A14VN4BWV9TX82,9790792220,5.0,0
1611,A3M95OVW5AV9HP,9790788207,2.0,0
1906,A37APQOUBHLLXK,9790794509,5.0,0
181,A1CNSLLYW5A8YB,5297000963,5.0,0
816,A3I1T0KEU8YDBY,978807247X,5.0,0
675,A2J7HM7CIZ3CTD,9788071260,3.0,0
1930,A3N5L80QA6SDZ2,9790795416,5.0,0
1589,A2CPTDFIDAA536,9790787286,5.0,0
535,A1HB4DFQC6ZGHW,9747842297,1.0,0
41,A2UEOW698J0SSR,1304351475,5.0,0
710,A19VPNGSJK19PE,9788071813,5.0,0
1786,ACPMKRQ2J368E,9790791100,5.0,0
1815,A1MPLMZ0LO4BPK,9790792220,3.0,0
90,A1RGXKJ4RFIOCX,1304624544,1.0,0
1436,ARPZRPIZ8GCM9,9790782055,1.0,0
1790,A2MR9Q29TQA1CU,9790791240,5.0,0
308,A9E7CTWB6KFTK,6165290582,1.0,0
1582,AEW5YLADIT98X,9790786964,5.0,0
1534,A12BXW0ZBGJQCE,9790786522,5.0,0
330,A2P0254ZZ42ZOJ,7535842801,5.0,0
783,A11SDECT20DPAB,9788072216,5.0,0
1427,A3VV07X7U50NRN,9790781911,1.0,0
289,A38L32Q21P5T95,604113449X,5.0,0
1838,APKXM6D9NZ36T,9790792646,5.0,0
1025,A9EPRATZ1GW1F,9788081053,5.0,0
1158,A23303YJ03VIXL,9790775261,5.0,0
523,A2UW1YLL8TKAVZ,9746427962,5.0,0
232,A24662VRPFY4YK,5357955948,4.0,0
1512,A3QKDORRJ9YFDF,9790784848,1.0,0
1742,A2J9469C2BM1P1,9790790961,1.0,0
487,A1R2MKM2YT5ND0,974619187X,5.0,0
1799,A3KGHP9D3XFI0U,979079178X,3.0,0
1291,A3VR0CEH83GC99,9790778872,5.0,0
48,AH344ZAN5GNOM,1304482685,5.0,0
455,A35QQ9Z0YSBPUR,9601420347,5.0,0
1801,A88TYTTYEFM0D,9790791798,1.0,0
932,A1PI3FNO5WDWT8,9788073840,4.0,0
897,AFCD4K00EGXOB,9788073476,4.0,0
789,A1E0IC983BZ9T5,9788072216,5.0,0
1190,AEXT8OH19RD9F,9790776489,5.0,0
218,A1XD9BN1CBR8U4,5357955905,5.0,0
1386,AQ89MBN197X9A,979078127X,5.0,0
215,A2C55XULIQ3F8I,5357955867,4.0,0
1956,A2ZZRM68X3NR1E,9790797567,5.0,0
126,A3OQ3FVYBU7SBD,1879187396,5.0,0
1488,A31AJPV2XK30MG,979078354X,5.0,0
113,A2FTLN4PYZE7S6,1403790965,5.0,0
961,A25RLARPMG0V4Q,9788074367,4.0,0
272,A2ME4DLS0Q488W,6022600790,5.0,0
359,A1R3PGXKL7EZSJ,7806397051,5.0,0
1910,A1CJCWROJKLNNW,9790794509,5.0,0
665,A34FMN6PYDDU6V,978807121X,5.0,0
363,A1GX3Y7VXYG6TH,7806397051,1.0,0
782,APYRY5W5KPXN7,9788072216,5.0,0
1626,AQ1VKINMLDC23,9790789157,5.0,0
1659,AX5G1RGCO7MYM,9790789890,2.0,0
758,A3UN53B7B5WV5X,9788072208,1.0,0
797,A3I0LI9N8KSNHG,9788072216,5.0,0
1959,AGQYTDWVMRTJF,9790797567,5.0,0
1299,A3BJTQN6T7UYI8,9790779283,5.0,0
1800,A191033US7V9HZ,979079178X,5.0,0
12,AVOGV98AYOFG2,1304146537,5.0,0
498,A2WTWKGP9WES1Q,9746427962,1.0,0
1376,A2UVMZD9I4ZN5G,979078127X,5.0,0
1268,A3D1X00Y1RDY77,9790778309,5.0,0
1356,A2D9TG73ZDPA01,9790781075,5.0,0
436,A12K9YFOYOXHAJ,9511181564,5.0,0
1115,A332JM04UGCD99,9790773463,5.0,0
562,A328HZ1HAUPEY9,9749377397,5.0,0
266,A86RECWKC0IKS,6022600790,5.0,0
1879,A9KTCQEF9Y4T6,9790794231,5.0,0
526,A1BFS260JO9TZJ,9746427962,5.0,0
612,AB4OYPWGHYAPO,9759091062,1.0,0
969,A1X8IHGTV6UAUA,9788074995,3.0,0
639,A2XTD715SMBVX3,9788071198,5.0,0
352,A3CI83124O6ZP1,7806397051,1.0,0
1894,ASLNW5TPXJ6M6,9790794495,3.0,0
1540,A4QCXE5EZHACV,9790786875,5.0,0
1128,A1FK1X14UEHRH2,9790773749,5.0,0
471,APKFDTZU2MX0K,9742496811,5.0,0
1339,A39GDKGADFO40R,9790780532,5.0,0
124,A95YCV8FK2LCM,1572671203,4.0,0
550,A72QEHDVRNTBC,9748776093,4.0,0
1032,A1HSQHFM8V63BF,9789820615,4.0,0
531,A1EGRLCSMRGOOX,9746427962,4.0,0
907,ABRMU6JBX6RBG,9788073514,5.0,0
257,A2Z1MC0VM2SCZ7,602260074X,5.0,0
800,A1XJSB99WXLB11,9788072216,4.0,0
1795,AY4PXJ9PDETE4,9790791402,5.0,0
295,A2U1PYP2Q7BUB2,6117043058,1.0,0
1954,A18MA2KOOVU5WL,9790797079,5.0,0
937,A25M5BYKVESDFV,9788073859,5.0,0
1211,A29CRATAEI66P5,9790777396,1.0,0
554,A31TGG4GXEBG0Q,9748776093,4.0,0
1855,A3I6LYIAVLSUQ0,9790793294,5.0,0
508,A2ZMU9L93JSFSR,9746427962,5.0,0
481,A1JLP1MLTJZPJ7,9745343412,5.0,0
335,A249F9ZBJ3ZDIA,7539914718,1.0,0
1939,APX9VVN0JLYX3,9790795823,5.0,0
118,A22L53OZ7IDQX3,1412759676,5.0,0
1325,A39ZWMCGVYMZRW,9790779968,5.0,0
972,AR1K8G3CGD1QI,9788075584,5.0,0
991,A1UMLOFY7DN2Z6,9788078885,5.0,0
713,AIQMY3PN8ZF9,9788071813,5.0,0
1227,A3TLZJVX40WJOV,9790777949,5.0,0
771,ATO4SYWWBB1QX,9788072216,5.0,0
1087,ATIRQXBP4EI6A,9790772238,5.0,0
1135,A2JVOKZG094NU8,9790774443,5.0,0
1140,A1E7VFQXWR6PZL,979077480X,3.0,0
1679,A2N6ETR8GQUFG4,9790790341,5.0,0
1294,AYB66VHHXKRQQ,9790778872,5.0,0
82,AJ85OD05LNNUY,1304622657,2.0,0
565,A3A36DP9IJPRPF,9749377397,5.0,0
1780,A3CDQTVTXZPKU7,9790790996,3.0,0
854,A2E3A2RVDKR771,9788072895,5.0,0
642,A2MD9XAN2I6SE5,9788071198,1.0,0
975,A1I0UF9XDVW6LS,9788075622,1.0,0
376,A25K4CSIYN1OLB,7883633309,4.0,0
624,A3KK59I1TY3MRB,9788071171,5.0,0
1945,A3GU3CXHONZJQ6,979079634X,5.0,0
1049,A1F3O7497UYRUV,9790770871,5.0,0
1269,A1JYB44V9JVXS7,9790778309,5.0,0
1691,A1B83QH6KBUB52,979079052X,4.0,0
194,A15ELVI3I6G1SQ,535795531X,5.0,0
852,A2K3J2X8KDY47N,9788072895,5.0,0
1319,A1H2RD4UOB9FCZ,9790779968,4.0,0
1044,A1ESDW5VX6B73Q,9790770758,5.0,0
1239,A3ESW3WPPVQTP3,9790778309,5.0,0
1117,A5663WRAL9LZ7,9790773463,4.0,0
794,AOKIUG9H8I8KU,9788072216,2.0,0
343,A293VWKAL1RWBG,7806397051,5.0,0
1288,A3L0FMG4YBBBIT,9790778872,4.0,0
845,A26VOR2AJIQACH,9788072569,5.0,0
1001,A3JRZEM49Z26XF,9788079970,5.0,0
482,A123AJQJYJY5Z5,974619187X,4.0,0
701,A2SZCH2I05ZETG,9788071597,4.0,0
1832,A25HLKXB2XOUI4,9790792573,1.0,0
347,A60XNB876KYML,7806397051,3.0,0
403,A17U6P3YQISHYH,8096399322,5.0,0
679,A2T2Y8FW0NLILV,9788071260,5.0,0
244,A7SVI5Q1WC3UP,6022600685,5.0,0
1664,AIBXA658NM3J3,9790789939,4.0,0
1061,ASDYXS80RUUO0,9790771002,4.0,0
1415,A2IO4D1MN67JMZ,9790781687,5.0,0
1878,A28DQF01VXVK41,9790794231,5.0,0
14,AVOGV98AYOFG2,1304168522,5.0,0
1520,A116PL4YWHVXST,9790785755,1.0,0
1508,ACKIUW9R1FUOH,9790784414,5.0,0
817,A3VEAEI9YT0GN6,978807247X,4.0,0
490,A18U3OPGXGQSMO,974619187X,5.0,0
1492,A2TJHFOSMTEGXH,979078354X,5.0,0
408,ATWTNXM6WNV5N,8096399322,5.0,0
1951,A1MJ8M4U5RK39I,9790796722,1.0,0
1473,A3PTZFRD34YJ2P,9790782780,3.0,0
1265,A2FBSNHDOGYASX,9790778309,5.0,0
625,A3UQXHI88S7XAX,978807118X,5.0,0
1179,A17NX3HYUUGR98,9790776292,5.0,0
971,A1ZOSGXEP5AB8N,9788075509,2.0,0
1776,A2O3PRUSPHXS6D,9790790988,3.0,0
1686,A2637P59FJ47VT,979079035X,4.0,0
950,A1OCZ3L1AYALDL,9788074359,5.0,0
1450,A68333QQF4G44,9790782667,5.0,0
606,A6F8KH0J1AVYA,9759091062,5.0,0
1688,AF7UW6L8OIKS7,9790790392,5.0,0
1243,A2D7PHQ6ZERRFC,9790778309,5.0,0
371,A6P7VX90EVIKI,7806397051,5.0,0
1559,AT1Z8TCLB54UZ,9790786948,5.0,0
1563,A2MOEW84ZKIC3Q,9790786948,1.0,0
265,A2WDW3VRWKRRWV,6022600790,4.0,0
1201,AC6GHPEJPZVLL,9790777272,5.0,0
1205,ANMLUD0CWX6NR,9790777272,5.0,0
38,A2YFDS6DYGFLVQ,1304351475,5.0,0
1031,A3CMSS365AM46L,9789820615,5.0,0
275,AL4XKV2S6IXQS,6022600812,5.0,0
964,A3A1U6WSSNW70X,9788074421,5.0,0
843,A1OUIKYDQEFYLD,9788072569,1.0,0
574,A3LMILRM9OC3SA,9759091062,2.0,0
1532,A8I9PHTN4ZCIW,9790786328,5.0,0
1671,AGEQF74TX4FVA,9790789939,5.0,0
1729,A6CJE7TJ4YITG,9790790961,5.0,0
1176,A3VELSUPKZW1OI,9790776241,5.0,0
941,A3A36DP9IJPRPF,9788074049,5.0,0
1165,A1Z2217U6E72RW,9790775741,4.0,0
442,AQXX46012LVOT,9511181564,5.0,0
1728,A196KXSYPHF6RL,9790790961,5.0,0
1615,A34FBQ1MC46SIB,9790788614,5.0,0
1818,A1CI63P473W5RJ,9790792220,5.0,0
55,A2H6SFTV2892Z8,1304511073,5.0,0
1905,A2FS3KPY657OKL,9790794509,5.0,0
1536,A1913I7ZN2E5RO,9790786727,5.0,0
17,AKGB62WGF35J8,1304174778,5.0,0
1573,A8LLTMM3G6ARE,9790786948,5.0,0
80,AO5JB67V93FBL,1304622622,5.0,0
1901,A28QVC3RK6K1BM,9790794509,5.0,0
1578,A3HPFJWZ2K29YQ,9790786948,5.0,0
1298,AIT4269KMWY4S,9790779097,5.0,0
1487,A3AWLZEPWC0YVC,979078354X,5.0,0
818,A1R4UG6BNDBBOL,978807247X,5.0,0
1334,ACTD54C8DSVIU,9790780001,5.0,0
200,A18X2IP46I5JB8,535795545X,5.0,0
1106,A1FFN2X53EMZNW,9790773412,5.0,0
931,A36FXHSXME1KHM,9788073840,5.0,0
863,A3JQ6K6HMGJ1UJ,978807328X,5.0,0
1833,A16TCWLOEE8OO3,9790792573,5.0,0
781,A3UQXHI88S7XAX,9788072216,5.0,0
1823,A1F6DUG4PS0M39,9790792271,5.0,0
1704,A397XQ5IRA1P1C,9790790880,5.0,0
747,A29UK7GM2HXMIE,9788072119,5.0,0
86,A22ZFXQE8AWPEP,1304622665,1.0,0
651,A45MRF677Z7PX,9788071198,1.0,0
1845,AF92AFPF06THK,9790792891,1.0,0
1807,A2GCUM04Q1HRFJ,9790791984,5.0,0
1283,ABTT6H84FBNS9,9790778872,5.0,0
1138,A3SYPIB569VQ35,9790774516,5.0,0
551,ABODWS6KT9V1W,9748776093,3.0,0
1202,A2GWY01R7H21UV,9790777272,4.0,0
872,A2OABXN4XL95EZ,9788073409,1.0,0
418,A22P8CW9NVJ49H,8901110814,1.0,0
1547,A2HAW2UKEVXWFK,9790786875,5.0,0
1584,A3MAR1FLDY1AMT,9790786964,5.0,0
1145,AQ9QSP7TSXWMO,979077480X,2.0,0
822,A10SBRHY5Z8FT3,978807247X,5.0,0
1310,A18XCWEDZFN7P2,979077995X,5.0,0
909,A1LI7U7O30ZTS0,9788073514,5.0,0
163,A2F5SHIP4HF9,3292000971,5.0,0
432,AZGGH4GS18RUN,9502737628,4.0,0
1338,AAGYLJZDWGWVM,9790780516,5.0,0
168,A11Q1HQ84F8POH,4057362797,1.0,0
125,AP57TEKK91CIM,1572671203,5.0,0
11,AIFAAVTUYHEHB,130414643X,4.0,0
1735,A3NY3QBENKY8ZL,9790790961,5.0,0
1035,A1TFQ2STVBDBUT,9790770138,4.0,0
628,A3I1F82WEKU6PG,9788071198,5.0,0
364,A3S0E0QE8XYMAK,7806397051,5.0,0
320,A3C5DYTUXUCL0S,7535842801,5.0,0
597,A2PHMQ53HYJX5E,9759091062,5.0,0
1048,AVMNS3FP7YMU3,9790770839,5.0,0
1232,A3U5MEOOBYMK61,9790778260,5.0,0
1287,A2DPE7NXS4OQJ9,9790778872,5.0,0
613,A2SIAYDK7GG7QA,9759091062,3.0,0
117,A1GIXQUBPA0DPT,1412759676,5.0,0
342,A6SS3B6BFQ5KX,7806397051,3.0,0
1594,A283R67Y0JHGIJ,9790787510,5.0,0
1016,A3Q3PRW1YR3Q3Q,9788080855,4.0,0
765,A8QGU7RYBF5VY,9788072208,5.0,0
647,A1XQFWZJBKLEER,9788071198,5.0,0
1052,A1S0YCERQMTLWX,9790770898,5.0,0
607,A2MMRRW7920RM,9759091062,5.0,0
1481,A3T3Q3VDIP04AD,9790783167,5.0,0
506,A2KG1LYT548UFB,9746427962,5.0,0
768,A1T4QM0WQZ23L9,9788072208,5.0,0
1181,A1THPD9J4BV1ME,9790776349,5.0,0
1566,A30E3IAHISA83K,9790786948,4.0,0
920,A18IG4QUWXM3EK,9788073840,5.0,0
1241,A2H14Y58BZG4JH,9790778309,5.0,0
1783,ATDND5AKC5726,9790791038,5.0,0
229,AEWKMTITVR260,5357955948,5.0,0
571,A1296LFHAMDOYP,9756518081,5.0,0
957,A1FEU7BZ9KIN0G,9788074359,5.0,0
51,A6R426V4J7AOM,1304488608,5.0,0
1445,A3LZWJIARRIKCM,9790782381,5.0,0
1784,A13RAFXJ5C7S44,9790791054,5.0,0
228,A39GFZUNMWJ44J,5357955948,5.0,0
496,A14IT4G4FZFEP6,9746427962,5.0,0
1175,AO3EOJXASL2KH,9790776241,4.0,0
1934,A281VHR3ZR99C8,9790795602,5.0,0
1209,A39BFQVNCXKIN5,9790777396,5.0,0
409,A32O109KR1IFX7,8279995404,1.0,0
1013,A3E3ZSEKGWFUGZ,9788080634,1.0,0
895,A2W4RS26XT2O1S,9788073476,5.0,0
978,A13ZNKJNVW0ZWZ,9788075630,5.0,0
632,A3HMLMXJ5YQURK,9788071198,5.0,0
1416,A2ZJFE0SWXF3ZR,9790781687,1.0,0
1101,A1K0G3T86YMLCN,9790773161,5.0,0
1764,AN6TKRFOXPHDX,9790790961,5.0,0
1757,A2QS079JVW5I9K,9790790961,5.0,0
1944,AR93Q5VWD8MWS,9790796293,1.0,0
269,AGQ844D0UXGBF,6022600790,5.0,0
880,A3FZMX1TWGZBN2,9788073409,5.0,0
1134,A1CIGI2TSUCYUY,9790774397,5.0,0
1406,A3DMR9FL5H6SJN,9790781687,5.0,0
268,A2TSBFY4ZZIMXW,6022600790,1.0,0
1902,A36JVL59KG2HH1,9790794509,5.0,0
793,A2EK2CJNJUF7OQ,9788072216,5.0,0
1574,A20HG060M1DZCG,9790786948,3.0,0
375,A1SNMU6VFTJKQI,7883527428,4.0,0
1726,AY4VKPJK1Q68D,9790790961,1.0,0
1038,A3OMRT3JNDDHU8,9790770308,1.0,0
524,A3QJSZDRC4DXB9,9746427962,5.0,0
1186,A3HQ5QK9B5S2UA,9790776403,5.0,0
1440,A34KPW0IBSL3ZQ,9790782306,5.0,0
7,A22VW0P4VZHDE3,1304139220,5.0,0
1493,A2VQW2CU0XL9X1,9790783647,5.0,0
1870,A2BPIUUZHG6BKE,9790794231,5.0,0
844,A15X79PP60MX8I,9788072569,1.0,0
57,A2F6NPTGDMFXN9,1304511073,1.0,0
1240,A3MWXVCR95RPQY,9790778309,5.0,0
476,A3RCCDL4Y1XZDJ,9742496811,5.0,0
674,A2E9OLOQRK7M8T,9788071260,4.0,0
42,A22ZFXQE8AWPEP,1304482596,1.0,0
1708,A2NQQDBBGFW1OT,9790790961,5.0,0
1489,A525O40Q3XE0L,979078354X,5.0,0
664,ABH3MVCY6IGA9,978807121X,1.0,0
1150,A3S7MD1Y2P5ZU,9790775156,2.0,0
993,A3S5CEM6TF7I8S,9788078893,1.0,0
799,A2EPPFVDAIDQSI,9788072216,3.0,0
681,A3GFGEY12ATN4G,9788071465,5.0,0
1068,AMWWXJA8PUX1U,9790771444,5.0,0
116,A1VK4ALI1QOF5U,1412759676,4.0,0
616,A2K8SAFPHOJSG9,9788071074,5.0,0
772,A1QV5IH6HDRN0L,9788072216,5.0,0
593,AJAT0Z7G78AKG,9759091062,5.0,0
1754,A3S25AE2ATYISE,9790790961,2.0,0
1525,A1DZYFR9UENUT7,9790786069,5.0,0
1985,A6Q85ZRASFTKX,9790798075,5.0,0
503,A13W8KHF7Y1S51,9746427962,5.0,0
1914,A1ZN3JNW7QDAYX,9790794665,1.0,0
1144,A2MW7SK362PEQC,979077480X,5.0,0
1797,A3BMLD4VGMJGJ3,979079147X,5.0,0
282,A3V6ZQWSMLRXEJ,6041134473,5.0,0
256,AH9GYBKL6KJOF,602260074X,4.0,0
148,A1ZWS1H6H06Y2J,3227001381,5.0,0
1733,A3T666MUEEYCSS,9790790961,5.0,0
584,APBQH4BS48CQO,9759091062,3.0,0
198,A13IIHXY0QX4Y4,535795531X,3.0,0
1803,A1T66OG2NQ835,9790791798,5.0,0
1644,AXQDDGADNZNNG,9790789556,5.0,0
543,AA51P4U4RMPQE,9748776093,3.0,0
1802,A1XJX7W7HC35D8,9790791798,5.0,0
727,A1D6EV5BKMM8OU,9788072097,5.0,0
1359,A20KZWGD9SLWBY,9790781105,4.0,0
936,A3D6VUXMZD4MFJ,9788073859,5.0,0
233,A3S87ZOPB3UM9N,5357955972,5.0,0
151,A2H79ANDK766S1,3227001381,4.0,0
1011,A2EDV2NPKN69YM,9788080626,4.0,0
1020,A2H8Z04RWXZQ85,9788080928,5.0,0
742,AXBF3OLBP9QP6,9788072119,5.0,0
1858,A2U583VJW1XN83,9790793839,5.0,0
285,A1NRLEB0KOB65O,604113449X,5.0,0
1523,A1LQUFK4VHJ2OP,9790785755,2.0,0
81,A1GWD6BDCLGC82,1304622622,1.0,0
951,A1YPM4GCO8I1W1,9788074359,4.0,0
1260,AL89HJRSN6P06,9790778309,5.0,0
1923,A1D16VVFX7MDKA,9790794991,3.0,0
18,A22VW0P4VZHDE3,1304174867,5.0,0
137,A10REFE1TW3ZVT,3227001381,5.0,0
1081,ANJZ5ZHBL3IW7,9790771983,5.0,0
757,A2V37AQ1VOMBH0,9788072208,4.0,0
1340,ANCW2IEN2G28D,9790780532,5.0,0
1405,A1H3AGKVENVM0P,9790781687,5.0,0
777,A1JZTT5WQU8O26,9788072216,5.0,0
439,A264BXIV14DIWA,9511181564,4.0,0
1309,A26ZG5TVUDN5NP,979077995X,5.0,0
1104,A3PYK302AW6T5G,9790773412,5.0,0
72,A2H6SFTV2892Z8,1304622193,5.0,0
428,A2BXY2QG6XXZQR,8982641262,5.0,0
1494,A3L0BCY0HS4O81,979078368X,5.0,0
1506,A3LBA7I768HW9F,9790783825,5.0,0
1629,AES1IUBFXYIYH,979078922X,2.0,0
754,A1AM1BP28NQXLF,9788072208,5.0,0
1510,A1PSYKP9BVF2EP,9790784414,5.0,0
227,A2XYBHUJ7E1QDR,5357955948,5.0,0
101,A1BG8QW55XHN6U,1304665720,5.0,0
1057,A2VAHEBP5LECKG,9790770944,5.0,0
982,A15VUTJ9QOJEEI,9788076025,5.0,0
1352,A3DV41BS0CMIW6,9790780788,5.0,0
1947,A5IVS1Y27U35F,9790796609,1.0,0
866,A285JA5679NN5R,9788073409,2.0,0
1623,A3V872FKM0NGDF,9790789157,5.0,0
1556,A3HG36N99RB5P0,9790786948,5.0,0
158,A2RCLQ2PS3PN8H,3227001381,5.0,0
1917,A37TXLBI53UU72,9790794843,5.0,0
775,A34YKNAF8ZQF57,9788072216,3.0,0
322,AA0ACUPEPT1RN,7535842801,5.0,0
905,A3L5UVIK1WPW9,9788073484,5.0,0
750,A2QD105KDRZ46J,9788072119,4.0,0
97,A6R426V4J7AOM,1304651347,5.0,0
1216,A3B7XHS2BE31IQ,9790777884,5.0,0
659,A1ZB60L19B5YZT,9788071198,5.0,0
1522,A2ONPDH1B32GZF,9790785755,5.0,0
406,A2VHK6MXXTR6FD,8096399322,3.0,0
162,A87X19PQJFYFA,3292000971,5.0,0
1717,A2FQZKL2KIZACO,9790790961,5.0,0
449,A2RGINT43SUQ49,9575295714,2.0,0
820,AKWRO5WFQ4I85,978807247X,2.0,0
344,ABPIQZ23IBOJ,7806397051,4.0,0
650,A1AULGMNH7SO2V,9788071198,5.0,0
1553,AW6OQW5OQX3XS,9790786948,5.0,0
1302,A1IEPJK2JGVDUK,9790779399,5.0,0
1448,A1AD4GFRIIBLTA,9790782594,2.0,0
1096,AQJGHMVO5X1BW,9790773161,3.0,0
236,ADZZCC6UUMA0N,5357956111,5.0,0
1312,A3A5603KICHIFN,979077995X,5.0,0
1645,AHXTPP7JWP9CP,9790789564,5.0,0
1381,A1NT43OVY252O6,979078127X,5.0,0
1039,A12229EA9OZZJM,9790770391,5.0,0
985,A1AAJGGLN1YG5Q,9788077315,5.0,0
1342,A2S9JPUPRFHFOM,9790780567,5.0,0
608,AXPKZA7UZXKTT,9759091062,4.0,0
753,A1LJ2H84ERZ9SA,9788072208,5.0,0
372,A1CWY4G16721R2,7806397051,5.0,0
1861,AZUFBU43ILNPC,9790794010,5.0,0
1053,A18GFWX5GYOU3F,9790770944,5.0,0
644,A9MYCYZT8EMMX,9788071198,5.0,0
977,A2XTKRTDPMCSJH,9788075630,5.0,0
689,A2OHAJBHJK2Y3E,9788071570,5.0,0
1336,A198Z2C0LE7SP,9790780400,4.0,0
1952,A3GUJ77ZNOGF4X,9790796943,5.0,0
1734,A2945G0HLY9TQ3,9790790961,5.0,0
348,A2U7D909NH8L0U,7806397051,2.0,0
1882,A35QGS8D3I65NL,9790794231,5.0,0
1747,A6Z2FRHEOK0X4,9790790961,5.0,0
893,A3T5G7XZPODEXS,9788073476,4.0,0
1285,A3TXOC42LK0PDM,9790778872,5.0,0
1479,AKE25I1E504MF,9790782985,5.0,0
328,A2H3NOCLLEPOKQ,7535842801,3.0,0
504,A2OP35XWVTJYDK,9746427962,5.0,0
354,AIPOM0VDQ2SN3,7806397051,5.0,0
1762,A20LXBXD1S6AWP,9790790961,1.0,0
1438,A3RHSOCR587XPO,9790782152,5.0,0
273,A2HZV40RNSZ381,6022600804,2.0,0
319,A2Q8QWVIZM213M,7535842801,3.0,0
1636,AO1TDWIE0HBH0,9790789351,5.0,0
390,AN0CUE13AJLEW,7899123011,1.0,0
662,A1U94C08ZTAYE,978807121X,5.0,0
115,A1QWS6V26JZ5OX,1412759676,5.0,0
1607,A2VD75KJK21042,9790787952,3.0,0
1037,A277CKSB8I4VZW,9790770154,5.0,0
567,A2Z3DE1JHTWYQX,9749377397,4.0,0
122,A120LZ9VNR3YI0,1572671203,3.0,0
397,A1JBLH8S6DLCL1,8096399322,1.0,0
1658,A3N15H18ZSZQM4,9790789858,5.0,0
411,A8FPPXG1OEZ77,8329000710,5.0,0
1657,A3DO98F82TGV8C,9790789831,4.0,0
600,A29WF3KXZ6C1OD,9759091062,1.0,0
1509,A1CVYCKRFS6GZS,9790784414,5.0,0
677,A3LURPBMK4ZDIR,9788071260,2.0,0
5,AKJHHD5VEH7VG,0762451459,5.0,0
695,AKRUFGYZHI8P1,9788071597,3.0,0
380,A27M7DNCKQ6D5Y,7899123011,3.0,0
1277,A3CL5FJ3UAUW8S,9790778619,4.0,0
1111,AGFK00WA60WTN,9790773412,5.0,0
1463,A17HOC49U9EXDB,9790782667,5.0,0
141,A3COLQK8Y9V9A5,3227001381,5.0,0
1621,A2TVP1665E3P50,9790789157,5.0,0
1225,A3IZLKAQSMW8GR,9790777884,5.0,0
94,A1BG8QW55XHN6U,1304651088,5.0,0
22,A22VW0P4VZHDE3,1304196062,5.0,0
145,A3E4N6O6WC8LEX,3227001381,5.0,0
1652,A91SVYF34Q9JW,9790789696,3.0,0
1447,A2CY6TLJBC4PFS,9790782594,5.0,0
1689,A2C2X61WMB0AED,9790790392,5.0,0
0,A39HTATAQ9V7YF,0205616461,5.0,0
959,A2X84CP4G541QE,9788074359,5.0,0
1100,A1ICCX3BW0LF2U,9790773161,4.0,0
698,A2Z89FDEA8TLZ2,9788071597,3.0,0
36,A274NIJWOQWE30,1304351475,5.0,0
633,A3UTG1EE19J916,9788071198,2.0,0
1687,A31WN43FAUCVXY,979079035X,5.0,0
83,A1E5CS6UI1LWQF,1304622657,5.0,0
1490,ADV2HTNOVCUKT,979078354X,5.0,0
979,A85T1DDMF4OMD,9788075649,5.0,0
1399,AWIH8VM122KJF,9790781687,1.0,0
1665,A24MP5QM2LKFM2,9790789939,4.0,0
286,A3UQXZCB1CXFNL,604113449X,1.0,0
726,AVYRG8E15WAK7,9788072097,5.0,0
910,A1R5SZCC41T6BS,9788073514,4.0,0
1486,A3ESTWDBNOUJQ7,979078354X,5.0,0
267,A2GMXV65XFTCR6,6022600790,2.0,0
856,A3SRKLG52BYLUK,9788072992,5.0,0
1237,A2GUW72SQ0U2RH,9790778309,5.0,0
592,A1EVGDOTGFZOSS,9759091062,5.0,0
1075,A1LAIQIVHMO1K7,9790771614,3.0,0
1307,A6XZM6S2T3CCK,979077995X,5.0,0
1972,ATYY8YPS540TF,9790798075,5.0,0
1284,A3CUASJLGFJZYB,9790778872,5.0,0
1003,A1BIVBZ6OV1SU0,9788079989,5.0,0
579,A3AVQBR7HHOE1X,9759091062,1.0,0
1527,A2S9AXNKRSMEA4,9790786069,2.0,0
1143,A1TV04CUG2RYUM,979077480X,5.0,0
189,A1QPQIJVS0JC5Y,535795531X,5.0,0
383,A37JSWUOEQC89O,7899123011,2.0,0
1718,A3PFXKSMA4Q9YN,9790790961,5.0,0
276,A138ATFNJU102C,6022600812,2.0,0
1220,A1L0ECXCM1ANCV,9790777884,5.0,0
175,AI6IXAB24N30W,4057363823,1.0,0
1105,A1Z2CRE6J1CJTK,9790773412,5.0,0
555,A13RB9IGV06SRF,9748776093,1.0,0
850,AJB6NXJLATQLT,9788072895,5.0,0
787,A2AGYTSVLRSV5X,9788072216,5.0,0
1125,A3ICTV26DK6IP9,9790773676,5.0,0
764,AZYQEFB9Y5N22,9788072208,4.0,0
385,AW4GGNNHDM937,7899123011,5.0,0
533,AF508G9N8T5OY,9746427962,5.0,0
1743,A312RDWQYLAG7S,9790790961,3.0,0
96,A1BG8QW55XHN6U,1304651118,5.0,0
669,AVOF2TL7T400U,9788071260,4.0,0
114,ATPHIBSTV1NY5,1412759676,5.0,0
74,A2H6SFTV2892Z8,1304622223,5.0,0
1749,A2HLLZS0416HL9,9790790961,5.0,0
1779,A36VBDV1HKMIIV,9790790988,5.0,0
393,AAIGQYAH5WNSU,8096398768,3.0,0
702,AK4E5J6IVE11R,9788071597,5.0,0
987,A3EN8SX1B1Z3IZ,9788077625,5.0,0
614,A1JCFYU0BE7XTI,9788071074,5.0,0
703,A1KQ79CU1EA754,9788071813,5.0,0
488,A23UV2QRYP8PX4,974619187X,5.0,0
986,AUYIPQDAHNOBK,9788077382,2.0,0
547,AFD1XMFDOUYW8,9748776093,4.0,0
414,A4ZAYGW831ZGI,8329001008,3.0,0
1643,A1JJ3M2CIVALZ8,9790789556,5.0,0
1382,A2CQEBRX5NFCU9,979078127X,5.0,0
788,A3N2I59UQT85AI,9788072216,5.0,0
1782,A3RRHJ1WV87V5M,9790791038,5.0,0
1282,A311KGXWZBPUIL,9790778740,5.0,0
84,A1SWCNGOR3GMOQ,1304622657,5.0,0
1831,AVWVKEL78SG14,9790792557,1.0,0
853,A1RZ3K1WJGL4NQ,9788072895,5.0,0
1019,A2IS0IGSQ79ECX,9788080928,4.0,0
1544,A12O5IJUK0EHIU,9790786875,5.0,0
1752,A2H10PNRPA3FEA,9790790961,2.0,0
646,ATX9OC5P7XBM0,9788071198,3.0,0
1137,A24N38QSNPZFBG,9790774443,5.0,0
1709,A1OFNEUHZ7BSCB,9790790961,5.0,0
534,A2VB5TIINLFO7B,9746427962,5.0,0
999,A29WP9HRKLQS0D,978807894X,5.0,0
1392,A33MPIK17YGMID,9790781687,5.0,0
1715,A3SGAP67HGCJ8K,9790790961,5.0,0
1976,A10O81F46GWKSR,9790798075,5.0,0
1008,A1T7O0U15G2OXX,9788080227,5.0,0
92,A22ZFXQE8AWPEP,1304651029,1.0,0
1157,A1HCI057NYILM6,9790775261,5.0,0
1199,A2QVNVQDMN8475,9790776977,5.0,0
274,AS498SIPUF2PU,6022600812,5.0,0
945,AHO0EM3FIG4JN,9788074286,5.0,0
1576,A3RYAYNQ7WM8I3,9790786948,5.0,0
1697,A2KABB9MDYJURM,979079052X,5.0,0
1865,A2TXS278JHBXZF,9790794223,5.0,0
1642,A13GJE62PDFLKA,979078953X,5.0,0
1892,AAOVV3X1R8MAX,9790794363,5.0,0
71,A1BG8QW55XHN6U,1304511154,5.0,0
1667,A1Y9I6NPL3UDEM,9790789939,1.0,0
346,A18S7SDS6HJ4LA,7806397051,2.0,0
1248,A3M9JNKO6WG90M,9790778309,5.0,0
641,A2LWZYTCZ9IDRV,9788071198,5.0,0
479,AU5Z287G31579,9744434139,1.0,0
637,A36F3MHL9JD8ET,9788071198,5.0,0
426,A1UUX9VH9XXX0B,8934903716,4.0,0
440,A2YWHJXGR6R00D,9511181564,5.0,0
129,A2A0EW34FZH9Z7,1987958179,5.0,0
1564,A3OBX0VX5W6VFJ,9790786948,2.0,0
1983,A3CKFOHWL3SDP7,9790798075,5.0,0
1581,A22HVOBKJGIWN6,9790786964,5.0,0
1133,ADWU2VMS20Q9O,9790774389,5.0,0
1253,A2GGYHGNWNRDTF,9790778309,5.0,0
1846,A2HSEX8OTQQPF7,9790793014,5.0,0
636,AAGYIGVSH2MIX,9788071198,1.0,0
696,A28H72UFHPN9QN,9788071597,4.0,0
1251,A3BXOJT66NE07E,9790778309,4.0,0
185,A36ZKFLSDE8WX5,5357954771,5.0,0
1683,A1B93VD33V6JGK,979079035X,1.0,0
1722,A1UDUG2V3LPMFJ,9790790961,4.0,0
887,A197BFZ8BSVSO2,9788073417,5.0,0
1007,A5IYFBQ25IVN6,9788079989,3.0,0
1843,A3UR2S3VYR9CM2,9790792824,5.0,0
627,AUM9K0KZGK653,9788071198,5.0,0
1619,AI528WX86GBSO,9790788991,4.0,0
1988,A38L4N6J3Z6SRH,9790798261,5.0,0
441,A2ETF4N62SFLOJ,9511181564,4.0,0
851,A2Y03TL0BHT9GP,9788072895,5.0,0
430,AY3F1CVHTNVBU,8997092219,2.0,0
1327,A1ZO4PLKAGD9NP,9790779968,5.0,0
918,A2EKFM9X9O00QZ,9788073840,1.0,0
933,A30IJLUCHAUVXP,9788073840,5.0,0
925,A29UKEGELP56OH,9788073840,5.0,0
938,A2OM0YG07EG46K,9788073859,4.0,0
1993,A1FDVJSVBNN8VY,979079830X,3.0,0
1050,A3ULP7B2QOVYRW,9790770871,4.0,0
573,A36M0NAGBV38SU,9758086243,4.0,0
1363,A3BJ9D80XUSBRF,9790781105,5.0,0
186,AVCSVH9L0BPIF,5357954771,5.0,0
1538,A27PTDVHM9HJS4,9790786875,5.0,0
1123,A2CD2WAOCV5950,979077365X,5.0,0
1196,A2RVOYJID9VRWB,9790776942,4.0,0
453,A12377XOL83LBK,9601403825,5.0,0
1541,A21CRF1CS7EOAB,9790786875,5.0,0
837,A1CZJUWPTGMYU1,978807250X,5.0,0
160,A3GAMJUEB4A4J9,3227001381,5.0,0
1604,A1TYTVFPQ1RSI6,9790787928,2.0,0
331,A2686J58T322ZS,7535842801,5.0,0
1881,A3R9H6OKZHHRJD,9790794231,4.0,0
833,A3995A1MLGMSZK,978807250X,5.0,0
1744,A1EYJASK6UL955,9790790961,4.0,0
731,A32AIFEBI1X4MR,9788072100,4.0,0
1579,A3EO78N2M0GPHS,9790786948,5.0,0
1862,A3E5V2196TOCTM,979079410X,4.0,0
847,AHLGH2F0U2J1P,9788072569,5.0,0
1716,A2VMXOLHVQXU33,9790790961,3.0,0
581,A23JG9NJNQ3WXO,9759091062,1.0,0
1999,A27ZTNAOOODGSZ,9790798393,5.0,0
1702,A1COBF34FM73LH,9790790880,5.0,0
1698,A2U51Y3662A7JC,979079052X,1.0,0
617,A3GJFDRP3Q8GV5,9788071074,1.0,0
1197,A3MAJQYU3YLDNZ,9790776942,3.0,0
234,A18CAHNYYC8AA3,5357956014,5.0,0
214,A1NNJ0MNFIF3Z8,5357955867,5.0,0
1457,A6RWTE55YX70O,9790782667,5.0,0
1630,A15PX6TA9LPOXK,9790789270,5.0,0
1470,A2AWHOVRGF6850,9790782667,5.0,0
848,A3BZHI48MZWE7D,978807278X,3.0,0
697,A2DMIEUMKD3VYD,9788071597,5.0,0
1859,A36AIG1G9M00F8,9790793871,5.0,0
1357,A2Z92KUIQ26RSV,9790781105,5.0,0
1842,AXSX5T827E9Z8,9790792808,1.0,0
1078,AUHNJA6JGCTBT,9790771762,5.0,0
1255,A1D7S273FFUHYJ,9790778309,4.0,0
1421,AFJO8C3V0IJ5I,9790781687,5.0,0
296,A024581134CV80ZBLIZTZ,6152000416,5.0,0
906,A2KKKT4H1IWSI1,9788073492,4.0,0
468,A319PGL9XMNT6A,9742126046,4.0,0
469,A2JPOCC17QIOUI,9742189889,5.0,0
1094,A34I5YAH6R5S46,979077267X,5.0,0
1373,A2U71ZBMQCJ7TC,979078127X,5.0,0
729,A1EVAE0Q2E2V0K,9788072097,5.0,0
769,A36UQ20T9VVUAW,9788072216,2.0,0
1958,A1VIHU2VN5HJLP,9790797567,3.0,0
392,A1BXLQFDJII0ZE,8096398741,5.0,0
1936,A3ECZXZNL7BC5,9790795661,5.0,0
1021,A96GJTT3M3WYU,9788080928,5.0,0
395,A22PDHKTMOUKKS,8096399322,5.0,0
311,A20BE32WVZFXAF,6169040335,5.0,0
166,A2S1HDSZ0OGW1M,360211600X,5.0,0
721,A5GI8R9A9IFV3,9788072097,5.0,0
209,A3NIHH9X6L3RRM,5357955786,5.0,0
868,A1HOHCNICEHXMS,9788073409,2.0,0
1809,A3SUO3L9WJPD1P,9790792190,4.0,0
444,A2C1VR841W5BHI,951311290X,5.0,0
357,A4R3YZHWJSWHU,7806397051,3.0,0
413,A3KJ9MA7I7S4IC,832900094X,5.0,0
182,ARUSOE3CJ7TNF,5297000963,1.0,0
615,A3G5OBREQKB7FR,9788071074,5.0,0
1891,A36WH4EDZVPTV5,9790794282,5.0,0
1672,A3RH2V6174H0GQ,9790789939,5.0,0
806,A3OIXDNDD9AGD4,9788072305,5.0,0
970,AP8RB98O4BHCI,9788075363,4.0,0
1777,A2HY5ASU4LDUMO,9790790988,5.0,0
336,A9AZG7UY7VT89,7800558258,1.0,0
1412,A15Y1AA9DOC9WU,9790781687,5.0,0
878,A2S5RNR6COYAET,9788073409,5.0,0
127,A2GDJP70RVLDKY,1906987238,5.0,0
1904,A3JBZQCVY7ODVL,9790794509,3.0,0
1335,A19JSK4NHQHWY7,9790780117,5.0,0
1924,A54FAFD3VWDEF,9790795076,5.0,0
221,A1QMSSMUBUXX5S,5357955905,5.0,0
207,A2RNK4TW1FPXEF,5357955751,5.0,0
1638,A21936E2ZRY72J,9790789513,5.0,0
1360,A2JLR04CC75HXY,9790781105,5.0,0
544,A3UW44EC9K7SP2,9748776093,1.0,0
110,A2P8AUMTM6O605,1403790965,5.0,0
391,A1PZ2ORQU247JZ,8072222120,5.0,0
926,A1DPZHFRQ0QO0L,9788073840,5.0,0
1147,A2OZ3C4OI1CWIF,9790774907,5.0,0
1233,AB48BRXHZ7OVZ,9790778260,4.0,0
1646,A1P03ICT7RVVRV,9790789688,5.0,0
1866,A2B7GTARNV5EMM,9790794223,5.0,0
921,AEX8R21PA0SIT,9788073840,5.0,0
717,A3374Z6CYWF8YK,9788071813,5.0,0
1439,A1ZPYAZLYSR1Z0,9790782152,5.0,0
1925,A1CBC0PM0UP2JO,9790795084,5.0,0
1543,A2RZ6OIC1OGWKB,9790786875,5.0,0
1358,A2NLH4W7UZ3X0U,9790781105,5.0,0
663,A3827WHBKQQF8T,978807121X,5.0,0
898,ALZWGAK15U76X,9788073476,5.0,0
1343,A2J4O74MT63W6G,9790780567,5.0,0
159,A445U3NN5XBYK,3227001381,3.0,0
1397,A31OCYBGZNSXLF,9790781687,2.0,0
248,A1MOOCFYF4BW9F,6022600685,5.0,0
399,A3I6P2NU6726XG,8096399322,5.0,0
622,A1HGNPI5XWPA5C,9788071139,5.0,0
1070,A165V5XOD0LNSR,9790771517,4.0,0
1349,AFFPRBZZB89LR,9790780567,5.0,0
1495,A1UVENGUYMZ2M0,979078371X,5.0,0
1591,A1580OALDVB4KI,9790787308,5.0,0
52,A22ZFXQE8AWPEP,1304495396,1.0,0
419,A3SP22BU1008GV,8901110814,3.0,0
494,AVIFRWR2YKO73,9746427962,2.0,0
836,A33ZO6NTU56R7F,978807250X,5.0,0
791,A3LEA0HZFBAFVS,9788072216,5.0,0
834,A2NU51KZVY9J9Z,978807250X,5.0,0
1674,AKVJUC5J6A3XO,9790789939,4.0,0
722,A3LEGZWFK44DJ8,9788072097,5.0,0
121,A17Z7DO3IFHZOE,1457982633,5.0,0
1896,A27SHILHXXM850,9790794495,4.0,0
882,AEW1MYAVRF9AV,9788073409,5.0,0
773,A1RFBE2LHNLHPI,9788072216,5.0,0
1992,A15VOHCNKUVINS,979079830X,5.0,0
602,A21E3CB2A1B149,9759091062,5.0,0
1092,A2OAQJNHIBCZNY,9790772564,5.0,0
301,A13G2YWZQ3522K,6162751473,5.0,0
212,A16495HOSCEV0N,5357955832,5.0,0
1156,AEMXQDJ00L6NW,9790775261,5.0,0
1940,ARVJBPIHRVL26,9790795823,5.0,0
963,ADI3IAXO8EH2E,9788074421,3.0,0
1188,A2J9WFBCZ2BXG4,9790776403,3.0,0
1326,A3R14060VCWUAD,9790779968,3.0,0
190,A2UQZD76FKVQ6D,535795531X,5.0,0
1546,A7OVXAH1SSL34,9790786875,5.0,0
823,A3K0Q7BLOD5P0X,978807247X,5.0,0
570,A2T7A5AIJI9CCF,9756518006,1.0,0
1943,A22WBGGMTFBEY2,9790796234,5.0,0
1627,A1J46T03BPIIVW,9790789203,5.0,0
1256,A1E1GFR3WEBKV6,9790778309,5.0,0
901,AZLYAJ8XE443K,9788073476,5.0,0
1915,A3KIVDNNZCPVI5,9790794800,4.0,0
1618,A2Q0NYCAXS3R3O,9790788770,5.0,0
107,A2B3YKKXVN28TW,1403790965,5.0,0
1711,A15FIB3XHNFU84,9790790961,5.0,0
271,A1E09RWAID7HCH,6022600790,4.0,0
1550,A21S05L5U3WF8Q,9790786875,5.0,0
156,A366PG2T9L9VSW,3227001381,2.0,0
361,A38FVHZTNQ271F,7806397051,3.0,0
1304,ADIAFSRTLS7D2,9790779755,5.0,0
241,A1IFYKTMBOTBP7,5357956227,5.0,0
821,A1ALXIEJWSM3WX,978807247X,5.0,0
1751,AGXAEWGCA1ELN,9790790961,4.0,0
1785,AQQ04CMDE8AT9,9790791054,5.0,0
997,A2P2FTA24RAFBA,978807894X,5.0,0
763,A1SJ5LNTEM67RO,9788072208,5.0,0
208,AYHZNXRPOHMO2,5357955786,5.0,0
730,A2DO226S09AIEG,9788072100,5.0,0
417,A3AI3DJQ8NI1UX,8805002860,3.0,0
43,A6R426V4J7AOM,1304482596,5.0,0
1136,A1J3MJER08S0RE,9790774443,5.0,0
1740,A11V08KWUI71QA,9790790961,5.0,0
251,A328DC9RTOA5WS,602260074X,4.0,0
93,A1BG8QW55XHN6U,1304651029,5.0,0
711,A396ZSFP8XV4O1,9788071813,4.0,0
988,ADXA5B6FX59W8,9788077927,2.0,0
1759,AIE2752ATRAXZ,9790790961,5.0,0
270,A3E13GVY40E6T5,6022600790,4.0,0
908,A3EM0Y7C1USH9C,9788073514,5.0,0
558,A3UZ13EXH4MO9D,9748776093,5.0,0
1109,A3O3EWC47LHLR0,9790773412,5.0,0
112,A1MLJHYS35C4X6,1403790965,5.0,0
1599,A1RCAVB38E41CR,9790787707,5.0,0
538,A5ZBX8PFDNIKE,9747842297,2.0,0
875,A12VP1FB3XFE3X,9788073409,4.0,0
1371,A1C9285DNG9IYK,979078127X,5.0,0
63,A2NRG4NQMLHDJQ,1304511111,1.0,0
1303,A1EX3JLD84STF5,9790779399,1.0,0
37,A2OMU0R0VM5O9I,1304351475,1.0,0
1863,A2RH4CO0C7BANY,9790794207,5.0,0
725,AM6TZU9POUAL,9788072097,5.0,0
511,AWYRXPZS8TRGJ,9746427962,5.0,0
746,A15UJADUAS68JI,9788072119,5.0,0
1159,A1STMW7DCY3SB9,9790775261,5.0,0
587,A3DG2I5KGLK73K,9759091062,1.0,0
1252,ADZ05LITZYZQ8,9790778309,5.0,0
1378,A17AYIX9AFQMSD,979078127X,5.0,0
1696,A3G639PF0Q8MY9,979079052X,5.0,0
180,A10ZKDOZOSH219,4057553908,5.0,0
1609,A1JDLL3JOQ29FO,9790788185,3.0,0
140,A1OON4OPP58E26,3227001381,5.0,0
1330,A1A03DX9JPURCS,9790779976,1.0,0
1596,A202AV9LAYXS91,9790787707,5.0,0
333,A267CAHUU3HOPQ,7535842801,5.0,0
819,A2JIQP1H0N7NO5,978807247X,1.0,0
623,AABAFCMZHEO1U,9788071163,4.0,0
1200,A3PY5FBUJIEVN,9790777019,4.0,0
1750,A2RRAT4W78ZTWU,9790790961,5.0,0
130,A1D6UAVLQUS41B,3222000565,5.0,0
1598,A2FBZWHQ0571HE,9790787707,5.0,0
1119,A1944K0ACKLRPO,9790773587,5.0,0
1130,A3SEDTPDP0G66D,9790773749,5.0,0
1017,A36A5S1NI653AQ,9788080855,1.0,0
370,AWUO9P6PL1SY8,7806397051,2.0,0
1280,A1IJBHE3MM8Q35,9790778619,5.0,0
103,A1Z03R982SX8V2,1403790965,4.0,0
1103,AU6KEYBL3TP0W,9790773412,5.0,0
1507,A1UKZIGR1PQIFB,9790784120,4.0,0
778,AV7TWUEV79X52,9788072216,5.0,0
1264,A1RG6W0BXEBST4,9790778309,5.0,0
1682,A1HDXZ7HGOJTHL,979079035X,5.0,0
604,A2ONROQ0ITT7HX,9759091062,4.0,0
1982,A1A2CH1P5JIWY2,9790798075,5.0,0
404,A4GKGUD4TIFL,8096399322,2.0,0
235,AGXDI4U7PAUGZ,5357956111,5.0,0
1072,A1WFDC6D0QXZYQ,9790771584,5.0,0
656,A12R85X0ED2JUQ,9788071198,3.0,0
1854,AWAL0PG4FPJN0,9790793294,5.0,0
743,A2A6TB2DZ99DB,9788072119,5.0,0
302,A1Q3W2FX8LKH19,6162751473,5.0,0
1908,AODE6ES269D6Q,9790794509,5.0,0
724,A3VMD3B59TAB85,9788072097,5.0,0
240,A2DOQ89OLXNHNL,5357956111,5.0,0
155,A1O5Z4ZKPMHORQ,3227001381,5.0,0
766,ASWVTM2VOKKLO,9788072208,5.0,0
201,A2DT0SAXS5DIL8,535795545X,5.0,0
683,A2IW10BPHCYQG2,9788071538,2.0,0
446,AGR6NXP9R8D66,9571044822,5.0,0
1153,A3FLN91OHH4WKM,9790775261,5.0,0
752,A3E1969PZ33LO9,9788072208,5.0,0
1640,A1MKHI0H1W72Y1,9790789513,5.0,0
1318,A1KEZ21R9HB37G,9790779968,5.0,0
949,A3DLT0BMEE365A,9788074359,5.0,0
1822,A2KZYFPD1VWN0I,9790792271,5.0,0
1403,A10BZV61MNLBZD,9790781687,5.0,0
314,A37KZTDCHTQMU0,711901871X,5.0,0
862,A1JM12YT8HJPIY,9788073263,4.0,0
76,A15THVWZS6GQZY,1304622428,5.0,0
1519,A1JABKG8NN4CGA,9790785682,5.0,0
1015,A29DZ36SLTMZOI,9788080685,5.0,0
8,A3V3RE4132GKRO,130414089X,5.0,0
355,A1QY7B8PEZDTDZ,7806397051,5.0,0
192,A3B0M39TDARC6X,535795531X,5.0,0
367,A3BTN14HIZET6Z,7806397051,5.0,0
1810,A3LDW8YQT2SSVX,9790792204,5.0,0
678,A3L7YV2UCQ7ZX,9788071260,5.0,0
1856,A63USL7GFARA5,9790793626,1.0,0
1411,AGPV0C0GGJ5GR,9790781687,5.0,0
50,A22VW0P4VZHDE3,1304482685,5.0,0
840,A2QOSIWDC04CQE,9788072569,5.0,0
1928,ADGYHOV058U6V,9790795157,5.0,0
595,A21IM16PQWKVO5,9759091062,5.0,0
1409,A3CF6RYTNXF2GD,9790781687,4.0,0
913,A27C38RA5ODEPM,9788073565,5.0,0
501,AYTK85H56WQ5F,9746427962,5.0,0
1388,A1BYEO1HOH1HGE,9790781369,5.0,0
1257,ANH6Y8UUWAKOW,9790778309,5.0,0
1434,A2VGLCB9HQ9HRC,9790782047,1.0,0
894,A2IZAUI0ISLA85,9788073476,5.0,0
553,A26SAG6L9SBH08,9748776093,5.0,0
1401,A2CSC9IVQ7F8PL,9790781687,5.0,0
416,A1OXSFS5ZDY7NP,8430539387,5.0,0
1065,AHUQSDM26UH5C,9790771347,3.0,0
327,A3A2HRW0GR4EWU,7535842801,5.0,0
1585,A1TYR5GO9YE60D,9790787006,5.0,0
324,ACB9GSMY2GY0O,7535842801,5.0,0
1422,A1RDCNS8KWWCS5,9790781687,4.0,0
4,A3IAAVS479H7M7,0737104473,1.0,0
1606,A1MAWMZ51G6C31,9790787952,5.0,0
692,A2285KGCYXO71H,9788071597,5.0,0
824,A3C5QQXTWQQARI,978807247X,5.0,0
1337,A30P09EL7Z8ZGD,9790780516,4.0,0
983,A3G7GGKJY868TX,9788076203,5.0,0
1383,A1OMG5QVTWI6CI,979078127X,4.0,0
1173,A3SYJB7D8UMZGL,9790776209,5.0,0
609,A25PW8VQJ611EA,9759091062,5.0,0
1046,A5UQ7Y4PGN63T,9790770790,2.0,0
1163,A354QYZ9IN2L4Z,9790775571,5.0,0
1469,A270PUZD0N20HR,9790782667,5.0,0
164,A305WEYT5UZKCZ,3292000971,5.0,0
1362,A2CGCATJ3T3VHY,9790781105,4.0,0
1998,A86GTS35R5YGG,9790798326,5.0,0
874,A3UMZJNP10AYSY,9788073409,4.0,0
1502,A3AOFSQ8YP9NZH,9790783779,5.0,0
368,A2T0H00MMGU7LZ,7806397051,4.0,0
871,A1W9QAR7P545IC,9788073409,5.0,0
47,A22ZFXQE8AWPEP,1304482685,1.0,0
1177,A3V6XH83NM7XCC,979077625X,1.0,0
516,A1TNQ0QMWCUBCL,9746427962,4.0,0
1987,A3EEQ8CMULWZ8S,9790798075,1.0,0
32,ASPJCWRXUOYYY,1304351475,5.0,0
13,A22VW0P4VZHDE3,130414674X,5.0,0
1236,A3IUNMPTSAQX5F,9790778309,5.0,0
1005,AH1Q6CFL3C8TR,9788079989,5.0,0
1472,A143NFKHG9LHXI,9790782667,5.0,0
305,A2W470AYOQCZZ9,6165290582,3.0,0
1029,A1HX1D929O8PJD,9788081053,5.0,0
19,A1BG8QW55XHN6U,1304174867,5.0,0
1437,A2RIAWXL2SI60H,979078208X,3.0,0
1018,A3EB7LZY4SO8S4,9788080901,5.0,0
1587,AS02PGU8BFX2,9790787006,5.0,0
1372,A1WJ3KCQF0UJ5O,979078127X,5.0,0
1966,A2AB7H5XLA9DOU,9790797885,5.0,0
1229,A3HJED1VEBE7SR,9790778236,1.0,0
1614,ATEXXJ0B204OG,9790788584,5.0,0
1984,A2Q4B1O2DRDXL4,9790798075,5.0,0
1634,A1JX9ZQY0EYLB2,9790789297,5.0,0
1152,A3TWAD5ILUNR7M,9790775261,1.0,0
1719,A3UZZ8SWJG6ULJ,9790790961,5.0,0
603,A3ON6E699JT6CE,9759091062,3.0,0
1774,A1STI3LKR1997Z,9790790961,4.0,0
1909,A27S9YMNN6RMGK,9790794509,5.0,0
1690,A3O6CZ0IU4AJSP,979079052X,5.0,0
1289,A3SKN8E1EJ84ZW,9790778872,4.0,0
517,ALKCBFG5L6FCJ,9746427962,1.0,0
1351,A330QFH749JPP9,9790780753,5.0,0
577,A2K8K9WVD7FNMG,9759091062,5.0,0
1913,A1M5CS3OJJYR1,9790794665,5.0,0
1385,ATNBFKLILBLZT,979078127X,5.0,0
1632,A34LP00HHX74VV,9790789270,5.0,0
1920,A329Q47ONZPEKK,9790794851,5.0,0
250,A34LP4FWKYTHB5,602260074X,4.0,0
1404,A1NNUT8ZGGA68F,9790781687,5.0,0
939,A2FD3OSAUO10KC,9788073859,5.0,0
1306,A1PQINT6WJ78WV,9790779925,3.0,0
1811,A2AAR84OWOG7VG,9790792204,5.0,0
876,A13H09FTCEJ3DT,9788073409,5.0,0
1986,A1AA39TTTQPYEH,9790798075,4.0,0
1678,A3PY3D7XN2BN80,9790790341,4.0,0
1516,A2A3X0SA0RI4AM,9790785240,5.0,0
1086,A2L8AWOIWML9CH,9790772238,5.0,0
1162,A3KALGW63GCJ50,979077530X,1.0,0
1047,A46TQBGKSLLY4,9790770790,5.0,0
1979,A35ID2TBM9HU5V,9790798075,3.0,0
1852,AP5QF2RB121OZ,979079326X,5.0,0
1281,A3M4PZBDIGEKUB,9790778619,5.0,0
514,A2W26TXNIF6OFH,9746427962,5.0,0
54,A3C744AK5A6MMI,1304495396,5.0,0
903,AENZH8I66SN2H,9788073476,5.0,0
1396,ARQMQK1O1WTXK,9790781687,5.0,0
715,A27XYPIP5FQUZT,9788071813,5.0,0
515,A1TKC6GRRBJA4T,9746427962,4.0,0
1180,A3LR80PCE3JS0U,9790776349,5.0,0
191,A1LNS0V7YBBJJE,535795531X,5.0,0
1528,A2HSQUKFX2H6G1,9790786077,5.0,0
290,A3ILSW0GC00YY,604113449X,5.0,0
259,A3AOPVHGVIEHFK,602260074X,5.0,0
803,A2QYQGE34MQ2KX,9788072283,5.0,0
1796,A2MMOZN2A3PL3K,979079147X,1.0,0
1873,A1CZIRSODR231B,9790794231,5.0,0
687,A2CVC21HIZ1PO7,9788071570,5.0,0
1558,A2IEF5DLB4L2K5,9790786948,5.0,0
716,A2TV0VZJI1ZD33,9788071813,5.0,0
530,A2ML3OG7R68XFP,9746427962,5.0,0
91,A11OEJ4R1PDTLN,1304624544,1.0,0
1095,A2JIPZOSXOL8Z2,9790773145,5.0,0
528,A16JWRFT5IHYRA,9746427962,5.0,0
495,A11V6R6WZ5ZQV2,9746427962,5.0,0
1080,A1HCGIOWZR6ANG,9790771916,5.0,0
890,A3HRQCE6UXGU6V,9788073476,5.0,0
79,A1VCW66KPTNUV8,1304622622,1.0,0
157,A11AT6B3912DCU,3227001381,5.0,0
1580,A1G5FIEA40QCT4,9790786948,5.0,0
780,A3DWLT4X15P9PZ,9788072216,5.0,0
1890,A13MFKIJ4TDIYR,9790794258,4.0,0
1929,A3RS1I72ULUVFC,9790795351,5.0,0
952,AOGJ43H5ZZPLM,9788074359,5.0,0
300,A5UQ98GXX7T47,6162071103,5.0,0
1107,A2WJ1QHYKQLOJH,9790773412,5.0,0
1498,A6VS47YYTAVAZ,979078371X,4.0,0
310,A1GLIRME0V0J4Z,6167061580,5.0,0
1895,A1LRHR54H2HNZ5,9790794495,5.0,0
1548,A29JE8NKKBBNVJ,9790786875,5.0,0
1883,AYOU772H9HUOX,9790794231,5.0,0
1375,A3RDWQ81CZPW21,979078127X,5.0,0
1311,A3MKZJYTMSIJHM,979077995X,5.0,0
1662,A2XKC9SEUSGKQ3,9790789939,5.0,0
944,AV8NAHORFJ89L,9788074286,5.0,0
873,A19SYHAYNJ9JVK,9788073409,5.0,0
1530,APW4ONSSUPZV2,9790786328,5.0,0
1417,ANYQJGG6ASA04,9790781687,4.0,0
967,A1MNSSE2ITIIGA,9788074421,5.0,0
539,A2Z53Z2IXPFE4A,9748668525,5.0,0
1974,A3IC9E9SSEZ7Y0,9790798075,2.0,0
99,AZ4FR14IPKML7,1304665720,5.0,0
1673,A24J8ETNTV9I67,9790789939,4.0,0
1369,A20DHG878IX2OE,979078127X,5.0,0
638,AWHWO1LUI8J1X,9788071198,5.0,0
401,A1LL4WRN7OBRW8,8096399322,5.0,0
1464,AJNQTW9HER7HR,9790782667,4.0,0
1073,A2SZVB853VZCAP,9790771614,4.0,0
254,ABKY0V59DOJ5Y,602260074X,5.0,0
568,A32ZF8TRWMR1B9,9749513444,1.0,0
384,A3GVNPYMG6ON95,7899123011,5.0,0
1521,A1RJWUDCZUAW3X,9790785755,4.0,0
1054,A2RAI0BVLV19UH,9790770944,5.0,0
138,A3M7ROZKQW6F69,3227001381,4.0,0
332,A7DS7JE3D53XW,7535842801,5.0,0
1274,A1XLKE04XU8BTR,9790778309,5.0,0
1418,A2I9Z332ZO1K74,9790781687,5.0,0
317,ABVND860D55AJ,7535842801,5.0,0
1290,AJM9DERT9ZV4I,9790778872,5.0,0
1266,A2XKJ1KX6XUHYP,9790778309,1.0,0
434,A1GYOSEAJ5EEK1,9510213861,5.0,0
1514,A3V5KAJXUP8U18,9790785232,5.0,0
152,A3LO1A9N0F0TXE,3227001381,5.0,0
1597,AUQEKYT8NPIP8,9790787707,5.0,0
749,A2BYP56Q0QBU1Z,9788072119,5.0,0
24,A3FV2Q7WPZMQPV,1304196135,5.0,0
1680,A3368QH8WEZLD7,979079035X,5.0,0
252,A8R89360S6RZ3,602260074X,1.0,0
1695,A1GAMBKLVMBTAC,979079052X,5.0,0
801,AC1FTP0718XJ2,9788072216,5.0,0
329,A1JM3NL9GSQ17N,7535842801,5.0,0
226,AM0RSD59GI2IK,5357955948,5.0,0
859,A1O0DIGKJ86BHF,9788073247,5.0,0
456,A25IZEM9CGLBB,9601420347,5.0,0
732,A248P6F309UXRF,9788072100,5.0,0
26,A1RXI3A1E99112,1304351475,5.0,0
258,AWL41OE56O3O3,602260074X,4.0,0
832,AAKT6MS1SVJDT,978807250X,5.0,0
1067,A3KT64AAQTXIG0,9790771401,5.0,0
1813,AW5PSU4WVIRDH,9790792220,5.0,0
353,AYM7E80UCJX7I,7806397051,5.0,0
33,A1LAW520BT5AM0,1304351475,1.0,0
1941,A4RL6XMNONZ6U,9790795823,5.0,0
1206,A1AQ8JT2A3UWMY,9790777272,1.0,0
1661,AJVR4J4HJIW3X,9790789939,5.0,0
1452,A350OX58D064PA,9790782667,2.0,0
658,A14D2QHC2B1NQN,9788071198,5.0,0
914,A38ZCQ9QE0M7VJ,9788073565,4.0,0
1276,A3H66JLWADN8IV,9790778554,5.0,0
1970,A2ZBGN70BC8QKZ,9790798075,2.0,0
943,A1WC62CBNGZ0JO,9788074286,5.0,0
1903,A1S60K49L4ZXSO,9790794509,5.0,0
1916,ASSSKDII6IPL0,9790794827,3.0,0
552,AL7CQDK6QOGNF,9748776093,5.0,0
40,AN33X95J5460X,1304351475,4.0,0
177,A2GPHFP5QKF0CO,4057368825,2.0,0
1537,A2Q515RNR0EJ2D,9790786794,5.0,0
1955,A2KPWECAA4894Q,9790797397,5.0,0
56,A225CH9TTQPC4B,1304511073,1.0,0
948,A2VLDZ8XJYETY6,9788074286,4.0,0
1825,A2FN2TDMWS25XZ,9790792271,1.0,0
1736,AWST3U1AK5IMY,9790790961,5.0,0
620,A34EQAIKKUWYYW,9788071139,5.0,0
1888,A2UW0P0WEG9JUP,9790794231,3.0,0
1254,AGUAADU3HNGP9,9790778309,5.0,0
1429,A1BF8RO0E3AQHT,9790781911,1.0,0
1788,A2JZV9PKZSZ5P7,9790791224,5.0,0
1590,A2SVPKZGB37JQ6,9790787294,5.0,0
1174,A37FVYQ42TWAIP,9790776241,5.0,0
1841,A282DK8I277DAN,9790792808,4.0,0
245,A28UWG41MHTXGC,6022600685,3.0,0
1791,A3A0V8NLPSICL6,9790791240,5.0,0
839,AV7UMGQ691DK1,978807250X,3.0,0
1185,A1GL5EA1C5HV4I,9790776403,5.0,0
1758,AJ1O3XEN58A6I,9790790961,4.0,0
1953,A35RMU1VDEJRAZ,9790796943,3.0,0
751,A1XZVQED7H3403,9788072119,2.0,0
474,A11J7PLZJ99M7O,9742496811,5.0,0
220,A38JQUXZTKKHQP,5357955905,4.0,0
666,AP238VB80KHTC,978807121X,5.0,0
510,AMQDTJZRXBPCR,9746427962,5.0,0
1033,A2OBFNZFMB8R4F,978982064X,5.0,0
1820,A1UHACT01CA1H4,9790792271,5.0,0
1720,A30SKTFI7SQ0H7,9790790961,5.0,0
660,ALLPYLE7WAY1L,9788071198,5.0,0
1242,A35GSMIE08R1S,9790778309,5.0,0
1377,A1B6FPO9M39S5A,979078127X,5.0,0
1756,A25R3TZ9PQP2R0,9790790961,5.0,0
105,A3MAATZ091QZGE,1403790965,5.0,0
1880,ASFQR9ABK7LHZ,9790794231,5.0,0
1601,A22ZYWSVDZ4RSR,9790787839,5.0,0
1995,AFZZT3IKY35IW,9790798326,5.0,0
262,AV434O5MUBGN5,602260074X,5.0,0
1932,A1QRNVU4FEYIDH,9790795424,5.0,0
255,A3DHGDJ779MMSD,602260074X,5.0,0
1886,A2II54B3VA45LN,9790794231,2.0,0
1603,A2GF7ERSS01I4J,9790787863,5.0,0
923,A1NUF0VO9F4DA5,9788073840,5.0,0
980,A37J8XKLNOX2RO,9788075681,5.0,0
842,A5I24CK8LXFGK,9788072569,5.0,0
338,A2LRQ8GV6PZMHX,7806397051,4.0,0
1595,A3N9DXHOBANE41,9790787626,5.0,0
475,AWQNOD7X9273P,9742496811,5.0,0
796,A2ENHE4BV0AMQ1,9788072216,5.0,0
542,AUL78LW1ZS9EW,9748776093,1.0,0
1793,A1YT0OX0JMYRJM,9790791240,4.0,0
891,A1IMIQYOBRBG34,9788073476,4.0,0
61,A22ZFXQE8AWPEP,1304511111,1.0,0
1835,A8ZC7TWGFGUC6,9790792573,1.0,0
1491,AE8EFXZEANERO,979078354X,5.0,0
884,A1Q9CAJYEXJVI5,9788073409,5.0,0
1414,A327WPV0RDLD1C,9790781687,5.0,0
1933,A1EGCED01USBA9,9790795602,5.0,0
1927,A5NVFPP4D82BK,9790795157,3.0,0
451,AASZF2ULVECTD,9601403787,5.0,0
1389,A3PDP421VH59IT,9790781369,5.0,0
1040,A2EDAQWOCTY40G,9790770391,5.0,0
1459,A1LPIOFY9V3GD0,9790782667,5.0,0
1468,A2203XNPENAF0I,9790782667,5.0,0
563,A3G5CK0SAWTMK6,9749377397,1.0,0
1885,A21O2AMH2MD2NU,9790794231,5.0,0
243,AC4343QXC1BCQ,6022600685,5.0,0
109,A2MSCG0YX85RL4,1403790965,5.0,0
277,A1B0Q1X54GILZP,6022600812,3.0,0
1219,AFD6YTOPT1YLI,9790777884,5.0,0
16,A22VW0P4VZHDE3,1304174778,5.0,0
1224,A3BXTAY7I8K6GG,9790777884,5.0,0
790,A3GRZEZMPL515U,9788072216,3.0,0
1669,A2VSZ5ZR43KDE8,9790789939,5.0,0
813,A2IAHS4CJDTUVO,9788072372,5.0,0
1713,AN2XNETBIQI3F,9790790961,3.0,0
1077,A3GWYPIMLSRQ7P,9790771762,1.0,0
846,A22O1W9O7GZ4HQ,9788072569,5.0,0
1848,AZ2NZGM095KNF,9790793073,4.0,0
1616,A6U56GIW1E2BZ,9790788614,1.0,0
1978,A1594KE3TL0K20,9790798075,5.0,0
525,AVISXECDOZRGQ,9746427962,5.0,0
1829,A1PXANB838QKH9,9790792557,1.0,0
1760,A328DZFT07EOO0,9790790961,5.0,0
1042,AED3WS57LEQ1B,9790770561,5.0,0
1610,A2XDIOQCALIKSF,9790788207,5.0,0
1778,A2R3E4KUE8TDPB,9790790988,5.0,0
684,A2D3A9A58X5RMZ,9788071538,5.0,0
1108,A2N20UD9IPYRMT,9790773412,5.0,0
223,A19VNE2EF1QYNE,5357955948,1.0,0
1102,ACJFZTWV1JDX4,9790773161,5.0,0
825,A1E2DD77GZJWS0,978807247X,5.0,0
1533,A31CC2H93482N5,9790786328,5.0,0
1226,A3T7P7163A1916,9790777884,3.0,0
89,A2H6SFTV2892Z8,1304624544,5.0,0
1655,AGTNZLB8Q1GY9,9790789726,3.0,0
351,A1SXKLV75ZL6DM,7806397051,1.0,0
634,ADWMDQ9CFNTA1,9788071198,4.0,0
422,APULYOSZS226A,8901110814,5.0,0
849,A2ZOBO61LUU9MX,9788072828,5.0,0
1828,AJ6OUEGRF8ER,9790792476,5.0,0
294,ANLSZ40VRRB21,6117036094,5.0,0
537,A1OVF6WMXX9CBS,9747842297,4.0,0
1571,A2C58G8O40YC7T,9790786948,4.0,0
1451,A2QAHT9FICLK0Q,9790782667,5.0,0
585,A2T5IANBMPPQQ7,9759091062,1.0,0
378,A2D0IC8KRJHG3F,7885223639,4.0,0
566,A108HJD2ESJXUY,9749377397,4.0,0
645,A33WIH2J5U3UXL,9788071198,5.0,0
1461,A3FZ9Y2VVKKY1W,9790782667,5.0,0
1501,A27PT6AHZDIKW2,9790783760,1.0,0
150,AI5JNFT6YBQQY,3227001381,5.0,0
619,A1ONB0P2P4V81E,9788071139,1.0,0
509,A3GDBKK2C9PXFS,9746427962,3.0,0
1620,A3E0B3FO0MQO8Y,9790789033,5.0,0
1215,AMM2UALRN98E7,9790777450,5.0,0
1435,AY89CIA780UNY,9790782047,1.0,0
1064,A3KL8WSLJPSWMR,9790771339,5.0,0
1931,A2F4RURTFWMCCP,9790795416,3.0,0
59,A1DC0DSF3H3BCW,1304511081,3.0,0
452,A1SGXQTDZ6BJNH,9601403787,5.0,0
78,A2H6SFTV2892Z8,1304622460,5.0,0
576,AQZ2MQC5NXN9,9759091062,2.0,0
1860,A3CD658TUTRC4S,9790794010,5.0,0
264,A1FGEAEGWVYJ2I,6022600790,4.0,0
1366,AGV44L5H5PGY9,979078127X,5.0,0
1292,A36BBDRW9QJOR1,9790778872,5.0,0
463,A8WHCF3SY0L15,9623541902,1.0,0
1926,AOVBDQVIXDW2E,9790795114,4.0,0
142,A28H0PAQPYKN94,3227001381,5.0,0
1911,A2WMS12BONNA85,979079455X,5.0,0
398,AK7O6VOOXQBYQ,8096399322,5.0,0
1247,A1MVC61AM8T1L,9790778309,5.0,0
962,A3RQ6QXF6VQ6S6,9788074405,5.0,0
1834,A684P649QWB0G,9790792573,5.0,0
1990,A380WS6HLKNWVU,979079830X,5.0,0
973,A1I0KD965AM5Z6,9788075622,5.0,0
860,A2BLA13SDC5T4,9788073263,5.0,0
682,AYYB9EFFG2GVA,9788071511,5.0,0
1504,A1OYSWV93ZIDKJ,9790783809,1.0,0
1465,A391OOGZ9TPB5,9790782667,5.0,0
1316,A1XTSL9WZW301S,9790779968,5.0,0
1332,A35X42772AH2Z3,9790779976,5.0,0
1588,A1E89L5LR30QH4,9790787049,4.0,0
1056,ATVBB0P7JPJE7,9790770944,2.0,0
1442,A1J9428E5FP29C,9790782365,4.0,0
318,A26TLFFBFPEOKJ,7535842801,4.0,0
640,A1RON1NZIGQNBO,9788071198,1.0,0
1676,A29YQ3Y5UHRH3M,9790790074,5.0,0
1132,A1HQT5S6EYBZ9Y,9790774060,5.0,0
1869,AA0O2EC4FJQRV,9790794231,5.0,0
1368,A3G5EQY5XB4MVZ,979078127X,5.0,0
1864,A30GBW6NS6G0M1,9790794207,5.0,0
429,A37860PZPUUY1V,8982641262,5.0,0
1500,A1JGY8MWZLZO9O,9790783728,5.0,0
1059,A1WVWKP2NO09BZ,9790770995,5.0,0
1771,AKVGMSHV40HVL,9790790961,4.0,0
1148,A1S37V71PUP922,9790775024,5.0,0
183,A2Z9QP4MZ2HXCZ,5357954771,3.0,0
1967,A1AIMY9X24I21F,9790798075,4.0,0
1849,A3JMYXR4RIWSH0,9790793111,5.0,0
1569,A10YGO4UEFQQWK,9790786948,5.0,0
1592,A1XXUE59TYZ40F,9790787383,5.0,0
388,A2NOM3LJVRKWTJ,7899123011,5.0,0
785,A29FXZIZ598FDM,9788072216,5.0,0
39,AKA7T9TPISJ26,1304351475,1.0,0
1755,A2X6VQ6FFRGHUC,9790790961,5.0,0
974,A39LUXG3UUL7ER,9788075622,4.0,0
437,A3NR9WJZCAKB40,9511181564,5.0,0
1868,A1R5TY0LOB53W7,9790794223,3.0,0
1317,AFERMR9RNPIWQ,9790779968,4.0,0
1814,A2SBSNRJNCS77Y,9790792220,5.0,0
199,A1AM400PUH70WO,535795545X,5.0,0
1091,AE1TYBYU5DEO9,9790772289,5.0,0
858,A4VK8BMGESPI5,9788073239,5.0,0
1455,AAFNXYUGM3FFP,9790782667,5.0,0
549,A2LR2XYBPSDPS,9748776093,4.0,0
1946,A1A6TQTZBQN2WH,979079651X,5.0,0
520,A3VJPW9T8D6P4Q,9746427962,5.0,0
1874,A1V0BWDPRMWXHL,9790794231,5.0,0
2,A1Z513UWSAAO0F,0558925278,5.0,0
629,A2Y4DGV80FJKWD,9788071198,5.0,0
144,A3T5EYVSBN3QQX,3227001381,2.0,0
1517,A1VUBGAMQ0BDYI,9790785356,5.0,0
1203,A1PVXDCN1T3JTE,9790777272,5.0,0
1641,A3AWCLXKTSRH8E,9790789513,5.0,0
206,A1X1X91COEBHVI,5357955743,5.0,0
1613,A2H4S0XUK6THTB,9790788495,5.0,0
965,A3UMVASITREVNQ,9788074421,1.0,0
303,A13UXDADSBZ0NV,6162751473,5.0,0
960,A365JZ3HRICWVD,9788074359,5.0,0
1010,A2U71ZBMQCJ7TC,978808043X,4.0,0
1348,A1OT6N9Y7QPS9T,9790780567,4.0,0
1267,A2Z4H7PQHDPUWF,9790778309,5.0,0
1271,A3O2B4UX1R97IO,9790778309,5.0,0
601,AY4CBEDCI5Y2V,9759091062,1.0,0
953,A1RD20XYLN12SH,9788074359,3.0,0
472,A1H549TTDWKPCK,9742496811,5.0,0
1261,A2R950V3H7DF4U,9790778309,5.0,0
827,A3LSRSY3F7CWPA,978807247X,5.0,0
1172,A3F6DQDDBG280C,9790776144,2.0,0
626,ATLDUADWJMTT0,9788071198,5.0,0
922,AIF5FN49UOUI2,9788073840,4.0,0
373,A1X2OY7Y2J6LO1,7842953384,5.0,0
104,A1ZY0K46FYOTB6,1403790965,5.0,0
1379,A31Y7H14RX21WK,979078127X,5.0,0
356,A187IEMZIHO4UU,7806397051,2.0,0
1480,A1YNHL97QBYWGA,9790782985,5.0,0
1308,AABTNLK9VAXXV,979077995X,5.0,0
1393,AE57DC3JY36WK,9790781687,5.0,0
1305,AKJKOL1UCJNUV,9790779798,5.0,0
1884,A2KKVMKCXZNAKP,9790794231,5.0,0
1208,A39O3YXBO2TX0A,9790777272,5.0,0
88,A2IOZRH02O4C9S,1304624498,1.0,0
704,AGBK2UBSBV0OR,9788071813,5.0,0
1193,A14ECXQPMH5IAO,9790776810,5.0,0
224,A1L8MP88Q3DXXJ,5357955948,2.0,0
582,A3437C79W6IORP,9759091062,5.0,0
527,A2T63MAMWZQ46C,9746427962,5.0,0
1552,A1645OHG1L9K34,9790786875,4.0,0
865,A2M465PCYH4GO,9788073409,5.0,0
1300,A1O17U6T8JK0HA,9790779283,5.0,0
132,A276N142RFK6EF,3222000565,5.0,0
1962,A2O6ZDH046MS2X,9790797710,1.0,0
287,A3T58OUIBEL24K,604113449X,4.0,0
1635,A1COEKPEWT9GPG,9790789343,2.0,0
1458,A3JAQ2F892PH6I,9790782667,5.0,0
1699,A3I5BLXCZ6QOS9,979079052X,5.0,0
1622,AF7TH39NK9XW2,9790789157,5.0,0
1526,A37KVZ744J6QY3,9790786069,5.0,0
433,A3HGJM50RTYPGQ,9509369934,5.0,0
421,AX43HESIL985S,8901110814,3.0,0
95,A1BG8QW55XHN6U,130465110X,5.0,0
1222,AYK7P5SSM95DI,9790777884,5.0,0
1449,A20J7E4JY49N40,9790782667,5.0,0
900,A3IACAOXMJ4AWJ,9788073476,4.0,0
762,A3NDJI4IP8ICI9,9788072208,4.0,0
493,A1B2BDWB519WIW,974619187X,5.0,0
1428,A28XK9YLIJHIHC,9790781911,3.0,0
1700,A2YN1KASY60IIE,9790790783,5.0,0
1314,A21E9S7EG7YML2,9790779968,5.0,0
618,A1B9QR40IL84M4,9788071074,5.0,0
1775,A3CDQTVTXZPKU7,9790790988,5.0,0
1090,A2ZJA6MEWOMOJ,9790772238,5.0,0
1867,A2OZNTBR05HP9Y,9790794223,1.0,0
693,A16D9H9KJCRV1Y,9788071597,5.0,0
864,A1T6PQ4F5BMKLU,9788073328,5.0,0
1408,A3MM61RJR7JFHK,9790781687,5.0,0
454,A1V3QKA6RZE4Z9,9601403825,1.0,0
184,ACZ94JB8BFMJ9,5357954771,5.0,0
1474,A22E3XFX9YKXDI,9790782918,5.0,0
1002,A2S0G8DCA96BXJ,9788079970,5.0,0
1651,A3FOIXZ31KE40X,9790789696,5.0,0
70,A3L2VTHD6W1E2Z,1304511154,1.0,0
195,A35ELDPD0N7T0U,535795531X,5.0,0
225,AEPAHTOT8YT04,5357955948,5.0,0
462,A7LEHTDY7Z1PD,9605406446,3.0,0
292,A38L32Q21P5T95,6041134511,5.0,0
1789,AXJWZZWCA5RUJ,9790791240,5.0,0
935,A3O3J3ZTTBFFZL,9788073859,5.0,0
1228,A173ZILP8O5JVU,9790777981,5.0,0
44,A9ZNJ2AXPO652,1304482634,2.0,0
1374,A3BIF69UA30YH2,979078127X,2.0,0
521,A1KEESMVTONAGJ,9746427962,5.0,0
958,A1MFI4ANYE70CO,9788074359,5.0,0
1089,A2K0LCQYPQUIJZ,9790772238,5.0,0
1074,A3EA0MI9BVJXBE,9790771614,5.0,0
21,A22VW0P4VZHDE3,1304196046,5.0,0
1212,AFOW9EGL4S0MA,9790777396,1.0,0
1286,A1IRID4AA6MTIV,9790778872,5.0,0
396,A33A728PP859Y5,8096399322,2.0,0
230,A1C4OJZCDI8LN3,5357955948,5.0,0
1805,A12Z0KTHJDOEVF,9790791968,5.0,0
924,A11KQ5BUQJQQXQ,9788073840,5.0,0
278,A22HDI6Y0ERZLN,6022600812,1.0,0
1681,A2O90ASBUFNO6X,979079035X,1.0,0
869,AFERMR9RNPIWQ,9788073409,5.0,0
1631,A1Q0T38B54IBDC,9790789270,5.0,0
424,A2WE4LU82W1U1L,8901134322,2.0,0
1051,AV910Z21Q4DUR,9790770871,1.0,0
1950,A3BR7XMM9W3SXK,9790796684,5.0,0
466,A1OVF6WMXX9CBS,9740200133,3.0,0
1324,AK5WXW5K8EU47,9790779968,4.0,0
1772,A1S3IXNQ2CUGDK,9790790961,5.0,0
707,A1XMC5AMIQKVJV,9788071813,5.0,0
1997,ADFW3FGCFI7C7,9790798326,5.0,0
1118,AIGO7WT50WPS8,979077348X,5.0,0
580,A30IP88QK3YUIO,9759091062,3.0,0
830,A29NE7F0K4WO86,978807250X,5.0,0
610,A1ZLDDN5J9CFIO,9759091062,1.0,0
738,A258GDNRBC6BC1,9788072119,4.0,0
655,A3ARZHCCRQRHRA,9788071198,5.0,0
1981,A2LH6EK99MMGHX,9790798075,5.0,0
1063,A3OFKO6HR06L0V,9790771010,2.0,0
1570,A1CD0SL746VX9K,9790786948,5.0,0
279,A3SK4E6TWXE367,6022600812,4.0,0
1345,AP95DEZ9RWUKY,9790780567,5.0,0
415,A2AYT9K7UK7R68,8430539387,5.0,0
1154,A1SLXJ1RQF1BNQ,9790775261,5.0,0
733,A2F1CMMQ2M7IIQ,9788072100,5.0,0
767,A1QDJA5DFFAL6C,9788072208,5.0,0
1577,A32XTAB2LHX120,9790786948,5.0,0
1347,A1CPI87CQOASES,9790780567,5.0,0
676,A17O4CBSO0SKB7,9788071260,5.0,0
410,A1BW4LQY9U32PC,8329000710,5.0,0
1949,A15MHJIC1ZHMA1,9790796609,5.0,0
341,AS5RB0XRDQZCS,7806397051,5.0,0
1712,AYD8J958LU3V3,9790790961,5.0,0
1235,A6B5NN0APZXI6,9790778309,4.0,0
1365,A32QFJI6912FRB,9790781210,5.0,0
1166,A2LJNGUUHHG0T7,9790775741,5.0,0
1238,AAZLLZY13JE0R,9790778309,5.0,0
27,A26QL1FBQO9C0E,1304351475,5.0,0
1557,AU2NSA70IYANM,9790786948,5.0,0
443,A2WZYYQDFVZDZ7,9511181572,5.0,0
484,A185Q4S3NFOUOZ,974619187X,5.0,0
284,A3BWP3PY4IUMTH,6041134473,5.0,0
947,A35TXO343KBBA3,9788074286,5.0,0
1027,A394ODETD69NJP,9788081053,4.0,0
135,AXVLSEEYTC4Z9,3227001055,1.0,0
1545,A2CNSI51HG6HP3,9790786875,5.0,0
919,A25FKNAQ44EIT9,9788073840,5.0,0
427,AHVY2JTMYHWYA,897677244X,3.0,0
598,A2W5CUXW018S4X,9759091062,4.0,0
425,A1WSGOA6S3U9OC,8901134322,5.0,0
1279,A3U0K46TK0WT3M,9790778619,5.0,0
28,A19KEEVZYO1KO6,1304351475,4.0,0
1423,A4RYZXVQVA671,9790781687,5.0,0
291,A1NRLEB0KOB65O,6041134511,5.0,0
1824,A342606TLG5XPL,9790792271,5.0,0
1313,A1FWPNOGNJ8O9A,979077995X,5.0,0
1295,A2ZR9FQQZXSQT4,9790779062,4.0,0
1765,A1QBASCTH01NH7,9790790961,4.0,0
1989,A1W9UG7WASEGKQ,9790798288,5.0,0
838,A1X5WU8A9F3CGU,978807250X,5.0,0
804,A1RJZQBN9DC492,9788072305,5.0,0
1963,A1VAHF5ZB23ZW0,9790797710,5.0,0
540,A1BT4VX5UXV2P9,9748776093,5.0,0
811,AKW9T9A31BEGB,9788072348,5.0,0
1082,A1T6L23XRNG29L,9790772009,5.0,0
10,A1BG8QW55XHN6U,130414643X,5.0,0
1980,AVVIR2104Q52A,9790798075,5.0,0
1221,A3UL9L5O3EQ4ML,9790777884,5.0,0
1367,A3EWQ12TBRK862,979078127X,5.0,0
247,A1HBQHOWMXOLBM,6022600685,3.0,0
1446,A1L4EGOAKVBBEQ,9790782381,5.0,0
106,A35XCJ5P6ZKRE9,1403790965,5.0,0
1058,A2CYGU98CZQNH5,9790770944,5.0,0
502,A18M9192WX98HP,9746427962,5.0,0
1453,A21YEB2EPF2YTL,9790782667,4.0,0
712,A1ZKE84PVHR3N9,9788071813,5.0,0
68,A2H6SFTV2892Z8,1304511146,5.0,0
1113,A18GH4M4IZF5DG,9790773455,5.0,0
299,A3FPJWX0GHJCCG,6162071103,4.0,0
30,AVQP6PO1NK0IJ,1304351475,1.0,0
187,A2VF4TALLW8G9,535795531X,5.0,0
870,A1QWXTY2E1CL1M,9788073409,4.0,0
239,ASPRENFTOYHO0,5357956111,5.0,0
1649,A3N3P4LZ3DJAGV,9790789696,5.0,0
1551,A25X5L2IKZYXBP,9790786875,5.0,0
467,A3E60CSK5WW8BQ,9740200133,3.0,0
815,AKSKAH1FHICQZ,9788072453,5.0,0
1721,A1DNFMJLPZD4WD,9790790961,5.0,0
387,A2JB80MHMU6O3I,7899123011,2.0,0
128,A2BQ8DVGEGWAFY,1929099886,4.0,0
360,A1PQFP6SAJ6D80,7806397051,2.0,0
1024,A2UIJN42ZLCW8S,9788080928,5.0,0
1710,A23ZLI2WI8T4,9790790961,5.0,0
136,AGGXC77INUISD,3227001055,5.0,0
1694,A3A34E5J3I3MJ4,979079052X,1.0,0
512,A2T4Y9EBPRLWB0,9746427962,5.0,0
1164,A1W6BXL1DS9AC2,9790775741,5.0,0
1346,A19RLWRU5XOEY7,9790780567,5.0,0
1840,A2MTY49BFM2MJ,9790792808,5.0,0
1420,A2PYGYCYB02AHB,9790781687,5.0,0
297,ABLW2M2R7VQIA,6152000416,2.0,0
386,AR9GA6ULUK1AC,7899123011,2.0,0
1482,A22VDVIKVHT2W3,9790783167,5.0,0
883,A3HLTS6OQ0FSEU,9788073409,5.0,0
927,A2TBR7OFH9LCJH,9788073840,5.0,0
881,AV8B99IXQ8Y5P,9788073409,5.0,0
1529,A22N13TC0BT6XR,9790786328,5.0,0
1763,A2H0VDRANZMGGX,9790790961,5.0,0
744,A3GDFAUEOR245Y,9788072119,5.0,0
1668,A2NJO9QRXY5YMC,9790789939,5.0,0
1961,AWD27C3LPPZ38,9790797567,3.0,0
238,AQFATFCB1HBG3,5357956111,5.0,0
1561,A2FNEF2WCVQUD,9790786948,5.0,0
1812,A1E214XCAFDGYK,9790792204,5.0,0
588,A4QK28MB0Y8R8,9759091062,5.0,0
776,A2EP4HWJ0L6D5H,9788072216,5.0,0
334,A30CAUEGZO0DO6,753865058X,4.0,0
461,A2SBLI6XGBI1GK,9605406446,5.0,0
309,A3MNCA0VED4SQD,6167061580,4.0,0
1191,A6B5BH625L79M,9790776691,5.0,0
1893,A26YF0W7UWO36,9790794495,5.0,0
1278,A25HPWWLJAMDEJ,9790778619,1.0,0
1425,AE2YO164FFGDO,9790781911,5.0,0
1380,A2DSLV44VUA973,979078127X,4.0,0
1907,A3JMZJRHER71PY,9790794509,5.0,0
1217,AU52HBFWY5TPL,9790777884,5.0,0
1088,A209TMH7LYEQ2E,9790772238,3.0,0
460,A173D8H9C18PCI,9602617918,4.0,0
1079,AJDANTTLD8MFD,9790771916,5.0,0
169,A2CCV112TWLK7A,4057362843,5.0,0
668,ATRSMN161M9GU,978807121X,5.0,0
465,A2PZ830VJ2GZEZ,9628982370,1.0,0
828,A1EQMKGBI0NK71,9788072488,3.0,0
1617,A2ITC28RIRZO01,9790788711,5.0,0
774,A2LXAR7KEDFTJ9,9788072216,5.0,0
216,AOJRTF5PJMIR6,5357955867,5.0,0
1900,AYKUBMMJ56IDO,9790794509,5.0,0
1792,A4UESFWOFFWOQ,9790791240,5.0,0
809,A3N8V0AOIXAP6N,9788072305,5.0,0
1315,AYHDKBFFAFEJU,9790779968,4.0,0
87,A22ZFXQE8AWPEP,1304624498,1.0,0
673,AXBDO994983U6,9788071260,2.0,0
402,AOJ5TYNLD4G68,8096399322,5.0,0
1745,A3TYR1ALBZ2EU9,9790790961,5.0,0
1410,A3HEMECQPP0PUL,9790781687,5.0,0
161,A7BCFTL2PU1NZ,3227001381,5.0,0
1781,A1DPRX8M3DB5YY,9790790996,5.0,0
1703,A337PV7JKUR5E6,9790790880,5.0,0
1246,A1WWI34WGZTDPS,9790778309,5.0,0
709,A1FOI078VYL0BP,9788071813,5.0,0
326,A39SBRLJ1EQX1R,7535842801,5.0,0
559,A1IJO0HZ1ONCWH,974935706X,2.0,0
652,A1G56R3VVU6VRE,9788071198,3.0,0
1076,A19C4WE5N9WJLU,9790771762,5.0,0
1161,A334RW0AL6LXIC,9790775288,5.0,0
507,A1JKZAOB9S4DF2,9746427962,5.0,0
1273,AK8BMK2J2IOB5,9790778309,5.0,0
1323,A492CS4B5Y84A,9790779968,5.0,0
205,A1U6E8IJEATCYM,535795545X,5.0,0
146,A30IURTQM5NNA4,3227001381,5.0,0
989,AKJRFNIHPE3EI,978807801X,5.0,0
1071,A116ITN8WDR1M4,9790771568,3.0,0
358,AO4WIKXQZJDQE,7806397051,2.0,0
1041,A1TMM08V2ZX5ST,9790770391,5.0,0
321,A3DNSZT2HIB30J,7535842801,5.0,0
586,A3FE8W8UV95U6B,9759091062,1.0,0
812,A1HU9QLNJV9ZED,9788072348,1.0,0
536,A104D62WJII6KP,9747842297,5.0,0
1994,A2FRBJKIXR2TYO,979079830X,5.0,0
485,A2B4MXLEP42IQH,974619187X,5.0,0
1293,A3G6USQ0S23TWR,9790778872,5.0,0
450,A3Q1XK4NGQJGHF,957696718X,1.0,0
1192,A1DWO6LM6ZI9TT,9790776810,4.0,0
178,A2ZZ26N7K9BSFB,4057368825,5.0,0
1677,A180ZB4RM80E5N,979079021X,5.0,0
583,A2RDQX62GRK6SU,9759091062,4.0,0
741,AHH534KJMCNRF,9788072119,3.0,0
486,A189H8NPEQN58F,974619187X,5.0,0
85,A1BG8QW55XHN6U,1304622657,5.0,0
1178,A4FOZ9QE2DHVT,979077625X,5.0,0
34,A3SWQ2QQ7JBPFA,1304351475,5.0,0
379,A1S8PWBOOL44SM,7899120217,5.0,0
1656,A1OT517JFOJ29P,9790789831,5.0,0
394,A57JZDRIKHEMC,8096399322,5.0,0
1441,A13HKMFTCD8OW,9790782314,5.0,0
1769,A3QNR732UXVH9X,9790790961,5.0,0
1407,A32ZIX6JXPJX3O,9790781687,4.0,0
1969,A7E3FDY3R7GTO,9790798075,1.0,0
45,A169NC0ZW6XKRD,1304482685,3.0,0
1098,AN3JGQI2TTRR,9790773161,5.0,0
470,A1DPSUISPJG4K6,9742189889,2.0,0
400,A25GW5G5GQVKB0,8096399322,5.0,0
1518,A1KNDKVKLKUWXX,9790785410,5.0,0
457,A22ZS7VGA34SM4,9602344954,5.0,0
1424,A218S8MS0MSAAE,9790781849,5.0,0
708,AXJAR4KM54KVW,9788071813,4.0,0
705,A3K5ZI737LDUOG,9788071813,5.0,0
1270,A1S3LRUL32KQ6V,9790778309,5.0,0
688,AG0MJ41NXPM35,9788071570,5.0,0
1562,A1ED96TJ2ARU8C,9790786948,5.0,0
1084,A1NUFF9K8QS800,9790772238,5.0,0
1009,A1VIKBGCPW22YC,9788080278,1.0,0
1948,A2B5ENMGBE1ZY0,9790796609,5.0,0
564,A25PEHBZLLHTTF,9749377397,5.0,0
756,A7FPJ94ABSYM9,9788072208,5.0,0
1394,A1MFWDE9FWIFOB,9790781687,5.0,0
23,A3A4C2K3TWDAO5,1304196070,1.0,0
649,AQ3DINQH0WH46,9788071198,3.0,0
49,A1YQUT1H2ENJ8U,1304482685,4.0,0
1022,A1JB41F8U79KIE,9788080928,5.0,0
1654,A3J0I9RKKUDNQJ,9790789696,3.0,0
1730,A1K94ULTTBSITH,9790790961,4.0,0
1794,A3E3UVWILRO8AH,9790791240,5.0,0
1844,A11L7F86K155WK,9790792891,5.0,0
992,AGZSDV2ZYC7YW,9788078885,2.0,0
134,ADURH4ZDRMZV6,3227001055,4.0,0
350,A00205921JHJK5X9LNP42,7806397051,5.0,0
795,A2GWNGQF9SHRE4,9788072216,5.0,0
1605,A3NDAJRAG0V4VC,9790787936,5.0,0
976,A29CP88NRDGHP9,9788075622,5.0,0
1262,AXPB9JK6DG9DF,9790778309,5.0,0
1650,A2R0ZWBWWQ1E10,9790789696,1.0,0
1114,A14G2D00311D5G,9790773463,5.0,0
505,A2P5RDTIGF6XRO,9746427962,5.0,0
1398,AQ2QN4CN7S212,9790781687,5.0,0
435,AGP8NQ1MCH0A,9511181564,5.0,0
1723,AF85PH6IW6IV2,9790790961,1.0,0
263,A1CT0SH9XKNIDY,602260074X,4.0,0
930,A2TQ5X2N533FUV,9788073840,5.0,0
686,A35PF7XADVB60C,9788071570,4.0,0
1454,A171U5UOJ3UOYP,9790782667,5.0,0
1513,A1RPLQDINY1THZ,9790784856,1.0,0
1034,A26CIZL1C18YQH,979077012X,5.0,0
1433,A3086HK0J95EQ4,9790781946,5.0,0
1773,A2MZDI3I5AEL74,9790790961,3.0,0
246,A2EH8T3LQS6EET,6022600685,5.0,0
831,A2MQ9OGYO9PFGM,978807250X,4.0,0
1739,AW5XW2K83ED65,9790790961,5.0,0
902,A17P9WVPU4V6PN,9788073476,5.0,0
1214,ACUHBB2EEXH24,9790777450,4.0,0
131,A2VRUBSVHDDOU9,3222000565,5.0,0
522,AKYM22HHJ4576,9746427962,5.0,0
447,A18DY88WBTDFIF,9573086514,5.0,0
1647,AOGA7F2ZJ306H,9790789688,5.0,0
1259,A25Q5FLFYVT0K9,9790778309,5.0,0
1484,A1NU1NP9NCY80A,9790783531,5.0,0
1430,A1M2IY6J0CY6QR,9790781911,3.0,0
1014,A2A118C3EOJLL6,9788080669,5.0,0
770,A16OJ5ISFFKC34,9788072216,5.0,0
546,A15HBNI7E4H4I2,9748776093,1.0,0
1151,A2DISAAASL95JA,9790775253,5.0,0
1853,ACUCPXM522Y2,9790793294,5.0,0
313,A3FNVF412991A6,6175005589,5.0,0
64,A6R426V4J7AOM,130451112X,5.0,0
760,AVWOHZE2VTGVJ,9788072208,5.0,0
861,AMT0DCOCA21RP,9788073263,1.0,0
1110,A1GEPOLRTX9VK1,9790773412,3.0,0
1462,A1ZTRSC1OVH0Q5,9790782667,5.0,0
990,A2SKNJGP1X7IE1,9788078389,5.0,0
170,A2099WPFJKJKZC,4057362886,4.0,0
814,A1KI7I8NRV3SIQ,9788072453,5.0,0
1126,AHM4FL8ZLPI2R,9790773730,4.0,0
1263,A2AM1CV9L59LSN,9790778309,5.0,0
1887,A2W0O92FZFHJOJ,9790794231,4.0,0
1565,A2KICC6CY8Z92J,9790786948,5.0,0
1830,A1IYOZVSPKNPFK,9790792557,5.0,0
1370,ACRO15EXJ3BL8,979078127X,5.0,0
792,A2CPYXQY7MN36Q,9788072216,5.0,0
605,A1O2WUVJ9OKUTO,9759091062,5.0,0
1182,A26THXR69AC6VO,9790776381,1.0,0
